Actual operator,Classification
RJio,RJio
RJio,RJio
RJio,RJio
RJio,RJio
RJio,RJio
RJio,RJio
RJio,RJio
RJio,RJio
RJio,RJio
RJio,RJio
Vodafone,Vodafone
RJio,RJio
Vodafone,Vodafone
Vodafone,Airtel
Airtel,Vodafone
Vodafone,Vodafone
RJio,RJio
Idea,Idea
Idea,Airtel
Vodafone,Vodafone
Vodafone,Vodafone
Airtel,Airtel
RJio,RJio
Airtel,Airtel
Airtel,Airtel
Airtel,Airtel
Airtel,Airtel
Airtel,Airtel
Vodafone,Vodafone
Airtel,Airtel
RJio,RJio
RJio,RJio
Airtel,RJio
RJio,RJio
Airtel,Airtel
RJio,BSNL
Airtel,Airtel
Vodafone,Vodafone
RJio,RJio
RJio,RJio
RJio,RJio
RJio,RJio
Airtel,Airtel
Airtel,Airtel
Idea,Idea
Airtel,Airtel
MTNL,MTNL
MTNL,MTNL
Airtel,Airtel
Idea,Idea
Airtel,Airtel
Airtel,Airtel
RJio,RJio
Airtel,Airtel
Airtel,Airtel
RJio,RJio
RJio,RJio
RJio,RJio
Idea,Idea
RJio,MTNL
RJio,RJio
Vodafone,Vodafone
Vodafone,Vodafone
RJio,RJio
Vodafone,Vodafone
BSNL,BSNL
RJio,BSNL
Airtel,RJio
RJio,RJio
Airtel,Airtel
Idea,Idea
RJio,Vodafone
Vodafone,Vodafone
RJio,RJio
Airtel,Airtel
Idea,Idea
Vodafone,Vodafone
Airtel,RJio
Vodafone,Vodafone
RJio,RJio
RJio,RJio
Vodafone,Vodafone
Airtel,Airtel
RJio,RJio
Vodafone,Vodafone
RJio,RJio
RJio,RJio
RJio,RJio
RJio,RJio
RJio,RJio
RJio,RJio
RJio,RJio
RJio,RJio
Vodafone,Vodafone
MTNL,MTNL
MTNL,MTNL
MTNL,MTNL
RJio,RJio
Idea,Vodafone
Idea,Idea
Idea,Vodafone
Vodafone,Vodafone
Idea,Idea
Airtel,Airtel
RJio,RJio
RJio,RJio
Vodafone,Vodafone
RJio,RJio
Idea,Idea
Airtel,Airtel
RJio,Idea
Idea,Idea
RJio,RJio
Airtel,Airtel
Idea,BSNL
RJio,RJio
RJio,RJio
RJio,RJio
RJio,RJio
RJio,RJio
RJio,RJio
Airtel,Airtel
Idea,Idea
Airtel,Airtel
RJio,RJio
RJio,RJio
Airtel,Airtel
Vodafone,Vodafone
Vodafone,Vodafone
Vodafone,Vodafone
RJio,RJio
Airtel,Vodafone
RJio,RJio
RJio,RJio
RJio,RJio
RJio,RJio
Airtel,Airtel
Airtel,Airtel
RJio,RJio
RJio,RJio
BSNL,BSNL
RJio,RJio
RJio,RJio
Airtel,Airtel
RJio,RJio
Idea,Idea
Airtel,Airtel
RJio,RJio
Vodafone,Vodafone
RJio,RJio
Vodafone,Vodafone
Airtel,RJio
Airtel,Airtel
Vodafone,Vodafone
RJio,RJio
Vodafone,Vodafone
Vodafone,Vodafone
Vodafone,Vodafone
RJio,Airtel
RJio,RJio
Airtel,RJio
Vodafone,Airtel
Airtel,Airtel
Airtel,Airtel
Airtel,Airtel
Airtel,Airtel
Airtel,Airtel
RJio,Vodafone
Vodafone,Vodafone
Vodafone,Vodafone
Vodafone,Vodafone
Idea,Idea
Vodafone,Vodafone
Vodafone,Vodafone
Vodafone,Vodafone
RJio,RJio
RJio,RJio
RJio,Airtel
Vodafone,Vodafone
Airtel,Airtel
RJio,RJio
RJio,RJio
Idea,Idea
Idea,Vodafone
Airtel,Airtel
BSNL,Idea
RJio,RJio
BSNL,BSNL
BSNL,BSNL
RJio,RJio
Vodafone,RJio
Airtel,Airtel
RJio,RJio
Vodafone,Vodafone
RJio,RJio
Airtel,Airtel
Idea,Idea
RJio,RJio
RJio,RJio
RJio,Vodafone
RJio,Airtel
RJio,RJio
Airtel,Vodafone
Airtel,Airtel
BSNL,Vodafone
Airtel,Airtel
RJio,RJio
Airtel,Airtel
Idea,Idea
RJio,RJio
RJio,RJio
RJio,RJio
BSNL,BSNL
RJio,RJio
RJio,RJio
RJio,RJio
Idea,Idea
RJio,RJio
RJio,RJio
Vodafone,Vodafone
RJio,RJio
Airtel,Airtel
RJio,RJio
BSNL,BSNL
RJio,RJio
RJio,RJio
Vodafone,Vodafone
Airtel,Airtel
Airtel,Airtel
BSNL,BSNL
BSNL,BSNL
RJio,RJio
RJio,RJio
Vodafone,Vodafone
Idea,Idea
Idea,Idea
Vodafone,Idea
Vodafone,Vodafone
RJio,RJio
RJio,RJio
RJio,RJio
RJio,RJio
RJio,RJio
Airtel,Airtel
RJio,RJio
RJio,RJio
Idea,Idea
Idea,Idea
RJio,RJio
Airtel,Airtel
Airtel,Airtel
Vodafone,Vodafone
Vodafone,Vodafone
Idea,RJio
RJio,RJio
RJio,RJio
Airtel,Airtel
RJio,RJio
Airtel,RJio
RJio,RJio
Airtel,Other
RJio,RJio
RJio,RJio
RJio,RJio
BSNL,BSNL
Idea,Idea
Idea,Idea
RJio,RJio
RJio,RJio
BSNL,BSNL
RJio,RJio
RJio,RJio
BSNL,BSNL
RJio,RJio
RJio,RJio
RJio,RJio
RJio,Idea
Airtel,RJio
RJio,RJio
BSNL,BSNL
RJio,RJio
RJio,RJio
Vodafone,Vodafone
Airtel,Airtel
Vodafone,Vodafone
RJio,RJio
RJio,RJio
Airtel,Airtel
RJio,RJio
RJio,RJio
Airtel,Airtel
RJio,RJio
Vodafone,RJio
RJio,RJio
RJio,RJio
RJio,RJio
RJio,RJio
RJio,RJio
Airtel,Vodafone
Vodafone,Vodafone
Airtel,Airtel
BSNL,BSNL
BSNL,BSNL
Vodafone,Vodafone
RJio,RJio
RJio,RJio
RJio,RJio
RJio,RJio
RJio,RJio
RJio,RJio
RJio,RJio
Airtel,Airtel
RJio,RJio
RJio,RJio
BSNL,BSNL
BSNL,RJio
RJio,RJio
Vodafone,RJio
RJio,RJio
Vodafone,Vodafone
Idea,Idea
Airtel,Airtel
BSNL,BSNL
BSNL,BSNL
BSNL,BSNL
BSNL,BSNL
BSNL,BSNL
BSNL,BSNL
BSNL,BSNL
BSNL,BSNL
BSNL,BSNL
BSNL,BSNL
BSNL,BSNL
BSNL,BSNL
BSNL,BSNL
Tata,Tata
Vodafone,RJio
Vodafone,Vodafone
RJio,RJio
RJio,RJio
RJio,RJio
RJio,RJio
Airtel,Airtel
RJio,RJio
Airtel,Airtel
RJio,RJio
RJio,RJio
RJio,RJio
RJio,RJio
RJio,RJio
RJio,Vodafone
Vodafone,Vodafone
BSNL,BSNL
RJio,RJio
Airtel,Airtel
Airtel,Airtel
Airtel,Airtel
Airtel,Airtel
Airtel,Airtel
RJio,RJio
RJio,RJio
RJio,RJio
Idea,Idea
Airtel,RJio
Vodafone,Vodafone
Vodafone,Vodafone
Vodafone,Vodafone
RJio,RJio
Vodafone,Vodafone
Vodafone,Vodafone
RJio,RJio
RJio,RJio
Airtel,Airtel
RJio,RJio
RJio,RJio
Idea,RJio
Airtel,Airtel
RJio,Vodafone
Airtel,Airtel
Vodafone,BSNL
BSNL,Vodafone
RJio,RJio
RJio,RJio
RJio,RJio
RJio,RJio
RJio,RJio
RJio,RJio
RJio,Vodafone
RJio,RJio
BSNL,BSNL
RJio,RJio
Airtel,Airtel
RJio,RJio
RJio,Vodafone
RJio,RJio
Airtel,Airtel
Vodafone,Vodafone
Airtel,RJio
Airtel,Airtel
Vodafone,RJio
Airtel,Vodafone
Airtel,Airtel
Airtel,Airtel
Airtel,RJio
RJio,RJio
Airtel,Airtel
Airtel,Airtel
Vodafone,BSNL
RJio,RJio
RJio,RJio
RJio,RJio
Vodafone,RJio
Vodafone,Vodafone
Vodafone,Vodafone
Vodafone,Vodafone
MTNL,MTNL
RJio,RJio
RJio,RJio
RJio,RJio
RJio,Airtel
RJio,RJio
Airtel,Airtel
Airtel,Airtel
RJio,RJio
Vodafone,Vodafone
RJio,RJio
RJio,RJio
RJio,RJio
RJio,RJio
RJio,RJio
RJio,RJio
RJio,RJio
RJio,RJio
Idea,Idea
Idea,Idea
Airtel,Airtel
RJio,RJio
RJio,RJio
RJio,RJio
Idea,Idea
RJio,RJio
Vodafone,Vodafone
BSNL,BSNL
RJio,RJio
RJio,RJio
RJio,RJio
Vodafone,Vodafone
Vodafone,Vodafone
Idea,Idea
Airtel,Airtel
Vodafone,Vodafone
RJio,RJio
RJio,RJio
Vodafone,Vodafone
RJio,RJio
RJio,RJio
Vodafone,Vodafone
RJio,RJio
Vodafone,Vodafone
RJio,RJio
RJio,RJio
Airtel,Airtel
Vodafone,Vodafone
Vodafone,Vodafone
Vodafone,Idea
RJio,RJio
BSNL,BSNL
Airtel,Airtel
MTNL,MTNL
RJio,RJio
RJio,RJio
RJio,RJio
RJio,RJio
Airtel,Airtel
Vodafone,Vodafone
Airtel,Airtel
Vodafone,Vodafone
Vodafone,RJio
Vodafone,RJio
RJio,RJio
Airtel,Airtel
Airtel,Airtel
Airtel,Airtel
RJio,RJio
Airtel,Airtel
Vodafone,Vodafone
RJio,RJio
RJio,RJio
RJio,RJio
RJio,RJio
RJio,RJio
RJio,RJio
Airtel,Airtel
Airtel,Airtel
RJio,RJio
Idea,Idea
Idea,Idea
RJio,RJio
RJio,RJio
RJio,RJio
MTNL,MTNL
Vodafone,Vodafone
RJio,RJio
Vodafone,Vodafone
Airtel,Airtel
RJio,RJio
Idea,Idea
Idea,Idea
Vodafone,Vodafone
RJio,RJio
RJio,RJio
Airtel,Vodafone
RJio,RJio
Vodafone,Idea
Vodafone,Vodafone
Vodafone,Vodafone
RJio,RJio
RJio,RJio
RJio,RJio
Vodafone,Vodafone
RJio,RJio
Vodafone,Vodafone
Airtel,Airtel
Vodafone,Vodafone
Vodafone,Vodafone
Airtel,Airtel
Tata,Tata
RJio,RJio
RJio,Idea
Vodafone,Vodafone
RJio,RJio
Idea,Idea
RJio,RJio
RJio,Idea
Idea,Idea
RJio,RJio
RJio,RJio
Airtel,RJio
RJio,RJio
Airtel,Airtel
Airtel,Airtel
Airtel,Airtel
Idea,Idea
Airtel,Airtel
RJio,RJio
RJio,RJio
RJio,Airtel
Vodafone,Vodafone
Vodafone,Vodafone
Airtel,Airtel
Vodafone,Vodafone
Vodafone,Vodafone
RJio,RJio
RJio,RJio
RJio,RJio
Airtel,Airtel
RJio,Airtel
RJio,Airtel
RJio,RJio
Airtel,Airtel
Vodafone,Vodafone
Vodafone,Vodafone
RJio,RJio
Airtel,Airtel
Vodafone,BSNL
RJio,RJio
RJio,RJio
Airtel,Airtel
RJio,RJio
RJio,RJio
RJio,RJio
Vodafone,Vodafone
Vodafone,Vodafone
Airtel,Airtel
RJio,RJio
RJio,RJio
Vodafone,Vodafone
Vodafone,Vodafone
Vodafone,Airtel
RJio,RJio
Idea,Airtel
RJio,RJio
Vodafone,Vodafone
RJio,RJio
Vodafone,Vodafone
RJio,RJio
Vodafone,Vodafone
Vodafone,Vodafone
Vodafone,RJio
RJio,RJio
Airtel,Airtel
Idea,Idea
Airtel,Airtel
RJio,RJio
Vodafone,Vodafone
BSNL,BSNL
RJio,RJio
RJio,RJio
Idea,Idea
Vodafone,Vodafone
Airtel,Airtel
RJio,RJio
Airtel,Airtel
Airtel,Airtel
Airtel,Airtel
RJio,RJio
RJio,RJio
RJio,RJio
RJio,RJio
BSNL,BSNL
RJio,Idea
Airtel,Airtel
Airtel,RJio
Airtel,Airtel
Idea,Idea
RJio,RJio
RJio,RJio
RJio,RJio
RJio,RJio
RJio,RJio
RJio,Vodafone
Airtel,Airtel
RJio,Vodafone
RJio,RJio
RJio,RJio
RJio,RJio
Idea,Vodafone
Vodafone,Idea
Idea,Idea
Idea,Idea
Idea,Idea
Airtel,Airtel
Airtel,RJio
Vodafone,Vodafone
Vodafone,Vodafone
Vodafone,Vodafone
Airtel,Airtel
RJio,RJio
RJio,RJio
BSNL,BSNL
RJio,RJio
RJio,RJio
RJio,RJio
RJio,RJio
RJio,RJio
RJio,RJio
Airtel,Airtel
Airtel,Airtel
RJio,RJio
RJio,RJio
Airtel,Airtel
Airtel,Airtel
Airtel,Airtel
Airtel,Airtel
Airtel,Airtel
Airtel,Airtel
Airtel,Airtel
Airtel,Airtel
Airtel,Airtel
Airtel,Airtel
Airtel,Airtel
Airtel,Airtel
Airtel,Airtel
Airtel,Airtel
Airtel,Airtel
Airtel,Airtel
Airtel,Airtel
Airtel,Airtel
Airtel,Airtel
Airtel,Airtel
Airtel,Airtel
Airtel,RJio
RJio,Vodafone
RJio,RJio
Vodafone,Vodafone
Idea,Idea
RJio,RJio
Vodafone,Vodafone
Vodafone,Vodafone
RJio,RJio
RJio,RJio
RJio,RJio
RJio,RJio
RJio,RJio
Vodafone,Vodafone
RJio,RJio
Idea,Idea
RJio,RJio
RJio,RJio
RJio,RJio
RJio,RJio
Airtel,Vodafone
RJio,Vodafone
RJio,RJio
RJio,RJio
RJio,RJio
Idea,RJio
Vodafone,Vodafone
RJio,RJio
RJio,RJio
BSNL,RJio
BSNL,RJio
RJio,RJio
RJio,RJio
BSNL,BSNL
BSNL,BSNL
Vodafone,Vodafone
RJio,RJio
RJio,RJio
Vodafone,Vodafone
Vodafone,Vodafone
RJio,RJio
RJio,RJio
BSNL,BSNL
RJio,RJio
RJio,RJio
Airtel,Airtel
RJio,RJio
RJio,RJio
RJio,RJio
RJio,RJio
RJio,RJio
Vodafone,Vodafone
RJio,RJio
RJio,Airtel
RJio,RJio
Vodafone,Vodafone
RJio,RJio
Idea,Idea
Airtel,Airtel
BSNL,BSNL
Vodafone,Vodafone
BSNL,BSNL
RJio,RJio
Vodafone,Vodafone
Vodafone,Vodafone
Vodafone,Vodafone
Airtel,Airtel
Airtel,RJio
Airtel,Airtel
Vodafone,Vodafone
Vodafone,RJio
Vodafone,Vodafone
RJio,RJio
RJio,RJio
RJio,RJio
RJio,RJio
Vodafone,Vodafone
RJio,RJio
RJio,RJio
Vodafone,Vodafone
Idea,Idea
Idea,Idea
RJio,RJio
BSNL,BSNL
Idea,Idea
Idea,Idea
Idea,Airtel
Vodafone,Vodafone
BSNL,BSNL
RJio,RJio
RJio,RJio
Vodafone,Vodafone
RJio,RJio
Vodafone,Vodafone
RJio,RJio
Idea,Idea
RJio,RJio
Vodafone,Vodafone
RJio,RJio
RJio,RJio
Vodafone,Vodafone
RJio,RJio
Vodafone,Vodafone
RJio,RJio
Idea,Idea
RJio,RJio
Airtel,Airtel
BSNL,BSNL
RJio,RJio
BSNL,Idea
Airtel,Airtel
RJio,RJio
Airtel,Airtel
RJio,RJio
Airtel,Airtel
RJio,RJio
RJio,RJio
Idea,BSNL
Idea,Idea
RJio,RJio
RJio,RJio
RJio,RJio
Idea,Idea
RJio,RJio
RJio,RJio
RJio,RJio
RJio,RJio
Vodafone,Vodafone
RJio,RJio
RJio,RJio
RJio,RJio
RJio,RJio
RJio,RJio
RJio,Idea
RJio,RJio
RJio,RJio
Vodafone,Vodafone
Vodafone,RJio
RJio,Vodafone
RJio,RJio
RJio,RJio
RJio,RJio
Airtel,Airtel
Vodafone,Vodafone
Idea,Idea
RJio,RJio
Airtel,Airtel
Vodafone,Vodafone
RJio,RJio
Airtel,Airtel
Vodafone,Vodafone
RJio,RJio
RJio,RJio
BSNL,BSNL
Idea,Idea
RJio,BSNL
Airtel,Airtel
MTNL,MTNL
MTNL,MTNL
MTNL,MTNL
RJio,RJio
Airtel,Airtel
RJio,RJio
RJio,RJio
RJio,RJio
RJio,RJio
Vodafone,Vodafone
RJio,RJio
RJio,RJio
Idea,Idea
RJio,RJio
RJio,RJio
Idea,Idea
RJio,RJio
RJio,RJio
RJio,RJio
RJio,Vodafone
RJio,RJio
Vodafone,RJio
RJio,RJio
RJio,RJio
Airtel,Airtel
Airtel,Airtel
Vodafone,Vodafone
Vodafone,Vodafone
RJio,RJio
Vodafone,Vodafone
BSNL,BSNL
RJio,RJio
Airtel,RJio
RJio,RJio
Vodafone,Airtel
Airtel,RJio
Vodafone,Vodafone
RJio,RJio
Airtel,Airtel
RJio,RJio
RJio,RJio
Airtel,Airtel
Idea,Idea
RJio,Idea
Idea,Idea
Vodafone,Vodafone
Airtel,Airtel
RJio,RJio
BSNL,BSNL
RJio,RJio
RJio,RJio
Vodafone,Vodafone
Airtel,Airtel
BSNL,BSNL
RJio,RJio
Airtel,Airtel
Airtel,Airtel
Airtel,Airtel
RJio,RJio
Airtel,Airtel
Airtel,Idea
Airtel,Airtel
Airtel,Vodafone
RJio,RJio
MTNL,MTNL
RJio,RJio
Airtel,Airtel
RJio,RJio
RJio,RJio
Vodafone,Vodafone
RJio,RJio
RJio,RJio
RJio,RJio
Vodafone,Vodafone
RJio,RJio
RJio,RJio
RJio,RJio
Vodafone,Vodafone
RJio,RJio
RJio,RJio
Vodafone,Vodafone
RJio,Idea
RJio,RJio
RJio,RJio
RJio,RJio
RJio,RJio
RJio,RJio
RJio,RJio
RJio,RJio
RJio,RJio
RJio,RJio
Airtel,Airtel
Idea,Idea
Vodafone,Vodafone
RJio,RJio
Vodafone,Vodafone
Vodafone,Vodafone
Vodafone,Vodafone
Vodafone,Vodafone
Vodafone,Vodafone
Vodafone,Vodafone
Vodafone,Vodafone
Vodafone,Vodafone
Vodafone,Vodafone
Vodafone,Vodafone
Vodafone,Vodafone
Vodafone,Vodafone
Vodafone,Vodafone
Vodafone,Vodafone
Vodafone,Vodafone
Vodafone,Vodafone
Vodafone,Vodafone
Vodafone,Vodafone
Vodafone,Vodafone
Vodafone,Vodafone
Airtel,Airtel
Airtel,Airtel
Idea,Idea
Idea,Idea
RJio,RJio
BSNL,BSNL
RJio,RJio
Airtel,Airtel
RJio,RJio
Airtel,Airtel
Vodafone,Vodafone
RJio,RJio
BSNL,BSNL
RJio,RJio
RJio,RJio
Idea,Airtel
Airtel,Airtel
RJio,RJio
RJio,RJio
Airtel,Airtel
Airtel,Airtel
RJio,RJio
RJio,RJio
Airtel,Airtel
RJio,RJio
Airtel,RJio
RJio,RJio
RJio,Airtel
RJio,RJio
RJio,RJio
Airtel,Airtel
Vodafone,Vodafone
Vodafone,Vodafone
BSNL,BSNL
Vodafone,Airtel
Airtel,Airtel
Vodafone,Vodafone
RJio,RJio
RJio,RJio
RJio,RJio
Idea,RJio
Airtel,Airtel
RJio,RJio
Airtel,Airtel
RJio,RJio
Vodafone,Vodafone
RJio,RJio
RJio,RJio
Idea,Idea
BSNL,BSNL
RJio,RJio
RJio,RJio
Airtel,Airtel
Vodafone,Airtel
Vodafone,Vodafone
RJio,RJio
RJio,RJio
RJio,RJio
Vodafone,Idea
Vodafone,Vodafone
Airtel,Airtel
Idea,Idea
RJio,RJio
Airtel,RJio
Idea,Idea
Airtel,RJio
RJio,RJio
Idea,Idea
RJio,RJio
Airtel,Airtel
RJio,RJio
RJio,RJio
RJio,RJio
Airtel,Airtel
RJio,RJio
RJio,RJio
RJio,RJio
Vodafone,Vodafone
MTNL,MTNL
Vodafone,Vodafone
RJio,RJio
Idea,Idea
Vodafone,Vodafone
RJio,RJio
RJio,Airtel
Airtel,Airtel
Vodafone,Vodafone
Vodafone,Vodafone
RJio,RJio
RJio,RJio
RJio,RJio
Vodafone,Vodafone
RJio,RJio
RJio,RJio
Airtel,Airtel
RJio,RJio
Idea,Idea
Vodafone,Vodafone
RJio,RJio
Airtel,Vodafone
Idea,Vodafone
Vodafone,Vodafone
BSNL,BSNL
Airtel,Airtel
RJio,Idea
Idea,Vodafone
RJio,RJio
RJio,RJio
BSNL,BSNL
Airtel,Airtel
RJio,RJio
RJio,RJio
RJio,RJio
Vodafone,Vodafone
RJio,RJio
RJio,RJio
Idea,Idea
Airtel,Airtel
Airtel,Airtel
Airtel,Airtel
RJio,RJio
Vodafone,Vodafone
Vodafone,Vodafone
RJio,RJio
Vodafone,Vodafone
RJio,RJio
RJio,RJio
RJio,RJio
Airtel,Airtel
RJio,RJio
RJio,RJio
Vodafone,Idea
RJio,RJio
RJio,RJio
RJio,RJio
Vodafone,Vodafone
RJio,RJio
RJio,RJio
Airtel,Airtel
Idea,Idea
RJio,RJio
Vodafone,Vodafone
RJio,RJio
Idea,Idea
Vodafone,Vodafone
Vodafone,RJio
Vodafone,Vodafone
RJio,RJio
RJio,RJio
Airtel,Airtel
Airtel,Airtel
Airtel,Airtel
Airtel,Airtel
RJio,RJio
Vodafone,Vodafone
Airtel,Airtel
RJio,RJio
Vodafone,Vodafone
RJio,RJio
Vodafone,Vodafone
Airtel,Airtel
Vodafone,Vodafone
RJio,RJio
RJio,Idea
RJio,RJio
RJio,RJio
RJio,RJio
RJio,RJio
RJio,MTNL
Vodafone,Vodafone
Airtel,Airtel
RJio,RJio
RJio,RJio
Airtel,RJio
Idea,Idea
RJio,RJio
RJio,RJio
RJio,RJio
Vodafone,Vodafone
RJio,RJio
RJio,RJio
RJio,RJio
MTNL,MTNL
MTNL,MTNL
BSNL,BSNL
RJio,RJio
Airtel,Airtel
Vodafone,Vodafone
RJio,RJio
Vodafone,Vodafone
Airtel,Airtel
RJio,RJio
RJio,Airtel
RJio,RJio
Airtel,Airtel
RJio,RJio
RJio,RJio
RJio,RJio
RJio,RJio
RJio,RJio
Airtel,Airtel
Vodafone,Vodafone
RJio,RJio
RJio,RJio
Vodafone,Vodafone
RJio,RJio
Idea,Idea
RJio,RJio
BSNL,BSNL
RJio,RJio
RJio,RJio
RJio,RJio
Idea,Idea
RJio,RJio
Vodafone,BSNL
RJio,RJio
RJio,RJio
RJio,RJio
Airtel,Idea
RJio,RJio
RJio,Vodafone
Airtel,Airtel
RJio,RJio
RJio,RJio
RJio,RJio
Airtel,Airtel
Airtel,Airtel
Airtel,Airtel
Airtel,Airtel
Vodafone,Vodafone
Airtel,Airtel
RJio,Airtel
RJio,RJio
RJio,RJio
RJio,RJio
Vodafone,Vodafone
Vodafone,Vodafone
RJio,RJio
RJio,RJio
Airtel,Airtel
Idea,Idea
Vodafone,Vodafone
Vodafone,Vodafone
Airtel,Airtel
RJio,RJio
Vodafone,Vodafone
Idea,Idea
RJio,RJio
RJio,RJio
Airtel,Airtel
Idea,Idea
RJio,RJio
RJio,RJio
RJio,RJio
Vodafone,Vodafone
Vodafone,Vodafone
Airtel,Airtel
RJio,RJio
RJio,RJio
Vodafone,Vodafone
RJio,RJio
BSNL,BSNL
Airtel,Airtel
RJio,RJio
RJio,RJio
RJio,RJio
RJio,RJio
Airtel,Airtel
RJio,RJio
Vodafone,Vodafone
Vodafone,Vodafone
BSNL,BSNL
Vodafone,Vodafone
Vodafone,Vodafone
Airtel,Airtel
RJio,RJio
Vodafone,Vodafone
RJio,RJio
Vodafone,Vodafone
Vodafone,Vodafone
Idea,RJio
Idea,RJio
Idea,Vodafone
RJio,RJio
RJio,RJio
RJio,RJio
Vodafone,Vodafone
Airtel,Airtel
Airtel,Airtel
Airtel,Airtel
Airtel,Airtel
Airtel,Airtel
Airtel,Airtel
RJio,RJio
RJio,RJio
Idea,Vodafone
RJio,RJio
BSNL,BSNL
RJio,BSNL
RJio,RJio
RJio,RJio
RJio,RJio
RJio,RJio
RJio,RJio
RJio,RJio
MTNL,MTNL
Airtel,Airtel
BSNL,BSNL
Airtel,Airtel
Vodafone,Vodafone
Vodafone,Vodafone
Vodafone,Vodafone
Vodafone,Vodafone
Vodafone,Vodafone
Vodafone,Vodafone
Vodafone,Vodafone
Vodafone,Idea
Vodafone,Vodafone
Vodafone,Vodafone
Vodafone,Vodafone
Vodafone,Vodafone
Vodafone,Vodafone
Vodafone,Vodafone
Vodafone,Vodafone
Vodafone,Vodafone
Vodafone,RJio
RJio,RJio
Vodafone,Vodafone
RJio,RJio
Airtel,Vodafone
RJio,RJio
Vodafone,Airtel
RJio,RJio
RJio,Airtel
Vodafone,Vodafone
RJio,RJio
Airtel,Airtel
Vodafone,Vodafone
Vodafone,Vodafone
Idea,RJio
Airtel,Airtel
RJio,RJio
RJio,RJio
Vodafone,Vodafone
RJio,RJio
Vodafone,RJio
Idea,Idea
Idea,Idea
RJio,RJio
RJio,RJio
RJio,RJio
RJio,RJio
Vodafone,Vodafone
RJio,Airtel
RJio,Airtel
Vodafone,Vodafone
Vodafone,Vodafone
RJio,RJio
Vodafone,Vodafone
Idea,Idea
RJio,RJio
Idea,RJio
RJio,Airtel
RJio,RJio
RJio,RJio
RJio,RJio
Airtel,Airtel
BSNL,BSNL
RJio,RJio
Airtel,Vodafone
Vodafone,Vodafone
RJio,RJio
RJio,RJio
Airtel,Airtel
Airtel,Airtel
Vodafone,Vodafone
Airtel,Airtel
Airtel,Airtel
Airtel,Airtel
RJio,RJio
RJio,RJio
Airtel,Airtel
RJio,RJio
Airtel,Airtel
Vodafone,Vodafone
Airtel,Airtel
Airtel,Airtel
Airtel,Airtel
Airtel,Airtel
Airtel,Airtel
Airtel,Airtel
Idea,Airtel
RJio,RJio
RJio,RJio
RJio,RJio
Vodafone,Vodafone
RJio,RJio
RJio,BSNL
RJio,RJio
Idea,Airtel
RJio,RJio
RJio,RJio
Airtel,RJio
RJio,RJio
Vodafone,RJio
Airtel,Airtel
Airtel,Airtel
RJio,RJio
RJio,RJio
Vodafone,Vodafone
RJio,RJio
RJio,RJio
RJio,Vodafone
RJio,Airtel
Idea,Idea
RJio,RJio
RJio,RJio
Airtel,Airtel
RJio,RJio
Airtel,Airtel
RJio,RJio
Airtel,Airtel
Vodafone,Vodafone
RJio,RJio
RJio,RJio
RJio,RJio
Airtel,Airtel
Airtel,Airtel
Airtel,Airtel
BSNL,BSNL
RJio,RJio
RJio,RJio
RJio,RJio
RJio,RJio
Idea,Idea
Airtel,RJio
Airtel,Airtel
RJio,RJio
RJio,RJio
Airtel,Airtel
Idea,Idea
RJio,RJio
Vodafone,BSNL
Idea,Idea
Vodafone,Vodafone
BSNL,BSNL
RJio,RJio
RJio,RJio
RJio,Airtel
Airtel,Airtel
Airtel,Airtel
RJio,RJio
Vodafone,Vodafone
Idea,Idea
RJio,RJio
Vodafone,Vodafone
Vodafone,Vodafone
RJio,RJio
Vodafone,Vodafone
Airtel,Airtel
RJio,RJio
Idea,Idea
Idea,Vodafone
Idea,Idea
RJio,RJio
Airtel,Airtel
Vodafone,Vodafone
Vodafone,Vodafone
Vodafone,Vodafone
RJio,RJio
RJio,RJio
Idea,Idea
RJio,RJio
RJio,RJio
RJio,Idea
RJio,RJio
BSNL,BSNL
Vodafone,Vodafone
RJio,RJio
RJio,RJio
RJio,RJio
RJio,RJio
RJio,RJio
Airtel,Airtel
Airtel,Airtel
Airtel,Airtel
Airtel,Airtel
Airtel,Airtel
RJio,RJio
RJio,RJio
Vodafone,Vodafone
RJio,RJio
RJio,RJio
RJio,RJio
Airtel,Airtel
Airtel,RJio
RJio,RJio
RJio,RJio
RJio,RJio
RJio,RJio
RJio,RJio
RJio,RJio
RJio,RJio
RJio,RJio
RJio,RJio
RJio,RJio
RJio,RJio
RJio,RJio
RJio,RJio
RJio,RJio
RJio,RJio
RJio,RJio
RJio,RJio
RJio,RJio
RJio,RJio
RJio,RJio
RJio,RJio
RJio,RJio
RJio,RJio
Idea,Vodafone
RJio,Vodafone
RJio,RJio
Idea,Idea
RJio,RJio
RJio,RJio
Airtel,Airtel
Airtel,Airtel
Airtel,Airtel
Airtel,Airtel
Idea,Idea
RJio,RJio
RJio,RJio
RJio,RJio
RJio,RJio
BSNL,BSNL
Vodafone,Vodafone
Vodafone,Vodafone
Vodafone,Vodafone
BSNL,BSNL
BSNL,BSNL
RJio,RJio
Vodafone,Vodafone
RJio,RJio
RJio,RJio
Vodafone,Vodafone
Vodafone,Vodafone
Vodafone,Vodafone
Vodafone,Vodafone
Vodafone,Vodafone
Airtel,Airtel
RJio,RJio
RJio,RJio
BSNL,BSNL
Idea,Idea
RJio,RJio
RJio,RJio
Vodafone,Vodafone
RJio,RJio
RJio,RJio
Vodafone,Vodafone
Idea,Airtel
RJio,RJio
RJio,RJio
RJio,RJio
RJio,RJio
RJio,RJio
BSNL,BSNL
RJio,RJio
RJio,RJio
RJio,RJio
Vodafone,Vodafone
RJio,RJio
RJio,RJio
RJio,RJio
Airtel,Airtel
BSNL,RJio
Vodafone,Vodafone
RJio,RJio
Idea,Idea
BSNL,BSNL
RJio,Airtel
RJio,RJio
Vodafone,Vodafone
RJio,RJio
RJio,RJio
Vodafone,Vodafone
Vodafone,Vodafone
RJio,RJio
RJio,RJio
MTNL,MTNL
MTNL,MTNL
MTNL,MTNL
MTNL,MTNL
MTNL,MTNL
RJio,RJio
RJio,RJio
Airtel,Airtel
Vodafone,Vodafone
RJio,RJio
Airtel,Airtel
Airtel,Airtel
Airtel,Airtel
Airtel,Airtel
RJio,RJio
RJio,RJio
Airtel,RJio
RJio,RJio
RJio,RJio
RJio,RJio
Airtel,Airtel
RJio,RJio
RJio,RJio
RJio,RJio
RJio,RJio
Airtel,Airtel
RJio,RJio
RJio,RJio
Airtel,Airtel
Airtel,Airtel
Vodafone,Vodafone
RJio,RJio
Idea,Idea
Vodafone,Vodafone
Vodafone,Vodafone
RJio,RJio
Airtel,Airtel
Airtel,Airtel
Vodafone,Vodafone
RJio,RJio
RJio,RJio
Vodafone,Vodafone
Vodafone,Vodafone
Airtel,Airtel
BSNL,BSNL
RJio,RJio
RJio,RJio
Airtel,Airtel
Airtel,Airtel
Vodafone,Vodafone
Vodafone,Airtel
Airtel,Airtel
RJio,RJio
RJio,RJio
Airtel,Airtel
Vodafone,Vodafone
RJio,RJio
RJio,RJio
RJio,RJio
Vodafone,RJio
Vodafone,Vodafone
RJio,RJio
RJio,RJio
RJio,RJio
Vodafone,RJio
Idea,Idea
Airtel,Airtel
Idea,Idea
Vodafone,Vodafone
RJio,RJio
RJio,RJio
Airtel,Airtel
RJio,RJio
RJio,RJio
Airtel,Airtel
Airtel,Airtel
RJio,RJio
RJio,RJio
RJio,RJio
RJio,RJio
Airtel,Airtel
RJio,Vodafone
Vodafone,RJio
RJio,RJio
BSNL,BSNL
BSNL,BSNL
Airtel,Airtel
RJio,RJio
Airtel,Airtel
RJio,Airtel
Vodafone,Airtel
RJio,RJio
RJio,RJio
BSNL,BSNL
Idea,Idea
RJio,RJio
Airtel,Airtel
RJio,RJio
RJio,RJio
RJio,RJio
Airtel,Airtel
Vodafone,Vodafone
RJio,RJio
RJio,RJio
RJio,RJio
BSNL,BSNL
BSNL,BSNL
RJio,RJio
RJio,RJio
Vodafone,Vodafone
RJio,RJio
RJio,RJio
RJio,RJio
RJio,RJio
RJio,RJio
RJio,RJio
RJio,RJio
RJio,RJio
RJio,RJio
Idea,Idea
Airtel,Airtel
RJio,RJio
Vodafone,Vodafone
RJio,RJio
RJio,RJio
RJio,RJio
Vodafone,Vodafone
RJio,RJio
RJio,RJio
Idea,Idea
RJio,RJio
RJio,RJio
RJio,RJio
Vodafone,Vodafone
BSNL,BSNL
BSNL,BSNL
BSNL,BSNL
RJio,RJio
RJio,Vodafone
Vodafone,Idea
Idea,Idea
RJio,RJio
BSNL,BSNL
MTNL,MTNL
MTNL,MTNL
MTNL,MTNL
Vodafone,Airtel
Vodafone,Vodafone
RJio,RJio
RJio,RJio
RJio,RJio
Airtel,Airtel
RJio,RJio
BSNL,BSNL
Airtel,Vodafone
RJio,RJio
RJio,RJio
Airtel,Airtel
Airtel,Airtel
Airtel,Airtel
Airtel,Airtel
Airtel,Airtel
Vodafone,Vodafone
Airtel,Airtel
Vodafone,Vodafone
Vodafone,Vodafone
Vodafone,Idea
Vodafone,Vodafone
RJio,RJio
Airtel,Airtel
Airtel,Airtel
Airtel,Airtel
RJio,RJio
RJio,RJio
RJio,RJio
Airtel,RJio
RJio,Vodafone
RJio,RJio
RJio,Airtel
RJio,RJio
RJio,RJio
RJio,RJio
RJio,RJio
RJio,Airtel
Idea,Idea
Vodafone,Vodafone
RJio,RJio
Airtel,Airtel
Vodafone,Vodafone
Vodafone,Vodafone
RJio,RJio
RJio,RJio
Airtel,Airtel
Idea,Idea
RJio,RJio
Airtel,Airtel
BSNL,BSNL
RJio,RJio
RJio,RJio
Vodafone,Vodafone
RJio,RJio
Idea,Idea
Airtel,Airtel
Airtel,Airtel
Airtel,Airtel
Airtel,Airtel
Airtel,Airtel
RJio,RJio
RJio,RJio
RJio,RJio
Idea,Idea
Vodafone,Vodafone
Airtel,Airtel
BSNL,BSNL
RJio,RJio
Vodafone,Vodafone
Vodafone,Vodafone
Vodafone,Vodafone
Vodafone,Vodafone
RJio,RJio
RJio,RJio
BSNL,BSNL
RJio,RJio
Airtel,Airtel
Airtel,Airtel
RJio,RJio
RJio,RJio
Airtel,RJio
BSNL,BSNL
Airtel,Airtel
Airtel,Airtel
Idea,Vodafone
Vodafone,Vodafone
RJio,RJio
RJio,RJio
RJio,RJio
RJio,RJio
Vodafone,Vodafone
RJio,RJio
Vodafone,Vodafone
RJio,RJio
Airtel,Airtel
Vodafone,Vodafone
Airtel,Airtel
RJio,RJio
RJio,RJio
RJio,RJio
Airtel,Airtel
Vodafone,Vodafone
Airtel,Airtel
RJio,Airtel
RJio,RJio
RJio,RJio
RJio,RJio
Idea,Idea
RJio,RJio
RJio,RJio
Vodafone,Vodafone
RJio,Airtel
RJio,RJio
Vodafone,RJio
BSNL,BSNL
Airtel,Airtel
Vodafone,Vodafone
RJio,RJio
Airtel,Airtel
Vodafone,Vodafone
RJio,RJio
RJio,Airtel
RJio,RJio
Vodafone,Vodafone
Idea,Idea
Idea,Idea
Idea,Idea
Idea,Idea
Idea,Idea
RJio,RJio
Vodafone,Vodafone
RJio,RJio
Vodafone,Vodafone
Vodafone,Vodafone
RJio,RJio
RJio,RJio
Airtel,RJio
RJio,RJio
RJio,RJio
Airtel,Airtel
Idea,Idea
RJio,RJio
Vodafone,Vodafone
RJio,RJio
Vodafone,Vodafone
Vodafone,Vodafone
Airtel,Airtel
Airtel,Airtel
Airtel,Airtel
Airtel,Airtel
Vodafone,Vodafone
BSNL,BSNL
RJio,RJio
RJio,RJio
RJio,RJio
RJio,RJio
RJio,RJio
RJio,RJio
RJio,RJio
Airtel,Airtel
RJio,RJio
RJio,RJio
Vodafone,Vodafone
Vodafone,Airtel
Vodafone,RJio
RJio,RJio
Idea,Idea
Airtel,Airtel
Airtel,Airtel
Vodafone,Vodafone
RJio,RJio
Vodafone,Vodafone
MTNL,MTNL
RJio,RJio
Airtel,Airtel
RJio,RJio
Airtel,Airtel
Idea,Idea
Airtel,Airtel
Airtel,Airtel
Airtel,Airtel
RJio,RJio
RJio,Airtel
RJio,RJio
Airtel,Airtel
Vodafone,Vodafone
RJio,RJio
Vodafone,Vodafone
Vodafone,Vodafone
Airtel,Airtel
RJio,RJio
BSNL,BSNL
Airtel,Airtel
Idea,Idea
BSNL,BSNL
Vodafone,Vodafone
RJio,RJio
Vodafone,Vodafone
RJio,RJio
Vodafone,Vodafone
RJio,RJio
Airtel,Airtel
BSNL,BSNL
Idea,Idea
RJio,RJio
Vodafone,Vodafone
RJio,RJio
RJio,RJio
RJio,RJio
RJio,RJio
Airtel,Airtel
RJio,RJio
RJio,RJio
RJio,RJio
RJio,RJio
BSNL,BSNL
Vodafone,RJio
Airtel,Airtel
Airtel,Airtel
RJio,RJio
Idea,Idea
Vodafone,Airtel
RJio,RJio
Idea,Idea
Airtel,Airtel
Vodafone,Vodafone
Airtel,Airtel
Airtel,Airtel
RJio,RJio
RJio,RJio
BSNL,BSNL
Airtel,Airtel
Idea,Idea
RJio,RJio
BSNL,BSNL
RJio,RJio
Airtel,Airtel
RJio,RJio
Airtel,Airtel
Airtel,Airtel
Airtel,Airtel
Airtel,Airtel
Vodafone,Vodafone
Vodafone,Airtel
RJio,RJio
RJio,RJio
RJio,RJio
RJio,RJio
Airtel,Airtel
Airtel,Airtel
Vodafone,Vodafone
RJio,RJio
RJio,RJio
BSNL,RJio
Idea,Idea
RJio,Airtel
Idea,Idea
Airtel,Airtel
BSNL,BSNL
Airtel,Airtel
RJio,RJio
Vodafone,Vodafone
Idea,Idea
Airtel,Idea
Airtel,Airtel
Idea,Idea
Idea,Idea
Idea,Idea
BSNL,BSNL
RJio,RJio
RJio,RJio
Airtel,Airtel
RJio,RJio
RJio,RJio
RJio,RJio
RJio,RJio
Airtel,Airtel
Vodafone,Vodafone
Airtel,Airtel
RJio,RJio
RJio,RJio
Idea,Idea
RJio,RJio
Airtel,Airtel
RJio,RJio
Airtel,Airtel
Idea,Idea
Vodafone,Vodafone
Vodafone,Vodafone
Vodafone,Vodafone
RJio,RJio
RJio,RJio
RJio,RJio
RJio,RJio
RJio,RJio
RJio,RJio
RJio,RJio
RJio,RJio
Vodafone,BSNL
RJio,RJio
Airtel,Airtel
RJio,RJio
RJio,RJio
Airtel,RJio
Airtel,Airtel
RJio,RJio
Vodafone,RJio
Airtel,RJio
RJio,RJio
RJio,RJio
RJio,RJio
RJio,RJio
RJio,RJio
Airtel,Airtel
BSNL,BSNL
BSNL,BSNL
BSNL,BSNL
Vodafone,Vodafone
BSNL,BSNL
RJio,RJio
RJio,RJio
Vodafone,RJio
RJio,RJio
RJio,RJio
RJio,RJio
Vodafone,Vodafone
Vodafone,Vodafone
RJio,RJio
RJio,RJio
Airtel,Airtel
Airtel,Airtel
Vodafone,Vodafone
Vodafone,Vodafone
Vodafone,Vodafone
Vodafone,Vodafone
Vodafone,Vodafone
Vodafone,Vodafone
Vodafone,Vodafone
Vodafone,Vodafone
Vodafone,Vodafone
Vodafone,Vodafone
Vodafone,Vodafone
RJio,RJio
RJio,RJio
Airtel,Airtel
Airtel,Airtel
Vodafone,Vodafone
Airtel,Airtel
Vodafone,Vodafone
RJio,RJio
RJio,RJio
Airtel,Airtel
Airtel,Airtel
Airtel,Airtel
Idea,Idea
Airtel,Airtel
RJio,Airtel
RJio,RJio
RJio,RJio
RJio,Airtel
RJio,RJio
BSNL,BSNL
RJio,RJio
Airtel,Airtel
BSNL,BSNL
RJio,RJio
Idea,Idea
BSNL,BSNL
Vodafone,Vodafone
Vodafone,Vodafone
Idea,Vodafone
Idea,Vodafone
BSNL,BSNL
Vodafone,Vodafone
RJio,RJio
Vodafone,Vodafone
Vodafone,Vodafone
RJio,RJio
Vodafone,Idea
Airtel,Airtel
RJio,RJio
Airtel,Airtel
RJio,RJio
Airtel,Airtel
RJio,RJio
Vodafone,Vodafone
Airtel,Airtel
RJio,RJio
RJio,RJio
RJio,RJio
Idea,Idea
Idea,Airtel
Airtel,Airtel
RJio,Airtel
Airtel,Airtel
Airtel,Airtel
Airtel,Airtel
Airtel,Airtel
Airtel,Airtel
Airtel,Airtel
Airtel,Airtel
Airtel,Airtel
Airtel,Airtel
Airtel,Airtel
RJio,RJio
Vodafone,Airtel
Vodafone,Vodafone
RJio,RJio
Vodafone,Vodafone
RJio,RJio
RJio,RJio
Vodafone,Vodafone
RJio,RJio
RJio,RJio
RJio,RJio
MTNL,MTNL
Airtel,Airtel
Airtel,Airtel
RJio,RJio
RJio,Airtel
Idea,Idea
RJio,RJio
BSNL,BSNL
RJio,Airtel
Vodafone,Vodafone
RJio,RJio
RJio,RJio
RJio,RJio
RJio,RJio
RJio,RJio
RJio,RJio
Vodafone,Vodafone
RJio,RJio
Airtel,Airtel
RJio,RJio
RJio,RJio
RJio,Vodafone
RJio,RJio
RJio,RJio
Idea,Idea
Vodafone,Vodafone
RJio,RJio
Airtel,Airtel
Airtel,Airtel
Airtel,Airtel
Airtel,Airtel
Airtel,Airtel
Vodafone,Vodafone
RJio,RJio
Airtel,Airtel
Airtel,Airtel
Airtel,Airtel
Vodafone,Vodafone
Vodafone,Vodafone
Airtel,Airtel
Idea,Idea
Tata,Vodafone
Idea,Idea
RJio,RJio
RJio,RJio
Vodafone,Vodafone
Airtel,Airtel
Airtel,Airtel
Vodafone,Vodafone
BSNL,BSNL
Vodafone,Vodafone
Vodafone,Vodafone
Vodafone,Vodafone
Vodafone,Vodafone
Vodafone,Vodafone
Airtel,Airtel
RJio,RJio
RJio,RJio
Vodafone,Vodafone
RJio,RJio
BSNL,BSNL
BSNL,BSNL
RJio,RJio
RJio,RJio
RJio,Idea
Airtel,Airtel
Airtel,Airtel
RJio,RJio
Airtel,Airtel
Vodafone,Vodafone
RJio,RJio
Airtel,Airtel
Airtel,Airtel
Airtel,Airtel
RJio,RJio
Vodafone,Idea
Vodafone,Vodafone
Vodafone,Vodafone
RJio,RJio
RJio,RJio
Vodafone,Airtel
RJio,RJio
Airtel,Airtel
Vodafone,Vodafone
RJio,RJio
Airtel,Airtel
RJio,RJio
RJio,RJio
RJio,RJio
RJio,RJio
Vodafone,Vodafone
RJio,RJio
RJio,RJio
RJio,RJio
RJio,RJio
Airtel,Airtel
Vodafone,Vodafone
RJio,RJio
Vodafone,Vodafone
Vodafone,Vodafone
RJio,RJio
RJio,RJio
Airtel,Airtel
Idea,Idea
RJio,RJio
Vodafone,Vodafone
Idea,Idea
Airtel,Airtel
RJio,Vodafone
Airtel,Airtel
Airtel,Airtel
RJio,RJio
RJio,RJio
RJio,RJio
Airtel,Airtel
Airtel,Airtel
Airtel,Airtel
BSNL,BSNL
RJio,RJio
Airtel,Airtel
BSNL,RJio
RJio,RJio
Airtel,Airtel
Vodafone,Vodafone
Airtel,Airtel
RJio,RJio
Idea,Idea
RJio,RJio
Vodafone,Airtel
Airtel,Airtel
Vodafone,Vodafone
Vodafone,Vodafone
Airtel,Airtel
RJio,RJio
RJio,RJio
RJio,RJio
RJio,RJio
Airtel,Vodafone
RJio,RJio
RJio,RJio
RJio,RJio
Airtel,Airtel
Airtel,Airtel
Airtel,Airtel
Airtel,Airtel
Vodafone,Airtel
MTNL,MTNL
MTNL,MTNL
RJio,Airtel
RJio,RJio
Airtel,Airtel
Airtel,Airtel
Airtel,Airtel
Idea,BSNL
Vodafone,Vodafone
RJio,RJio
RJio,RJio
Vodafone,Vodafone
RJio,RJio
Vodafone,Vodafone
Airtel,Airtel
Idea,Idea
Airtel,Airtel
BSNL,BSNL
Idea,Idea
Vodafone,Vodafone
Vodafone,Vodafone
Airtel,Airtel
BSNL,BSNL
Airtel,Airtel
Vodafone,Vodafone
Vodafone,Vodafone
Vodafone,Vodafone
RJio,RJio
RJio,RJio
RJio,RJio
Vodafone,Vodafone
Idea,Idea
BSNL,BSNL
Airtel,Airtel
Vodafone,Vodafone
Vodafone,Vodafone
RJio,RJio
RJio,RJio
RJio,RJio
RJio,RJio
RJio,RJio
Airtel,Idea
RJio,RJio
BSNL,BSNL
Vodafone,Vodafone
Vodafone,Vodafone
Vodafone,Vodafone
RJio,RJio
Airtel,Airtel
Airtel,Airtel
Airtel,Airtel
Airtel,Airtel
RJio,RJio
RJio,RJio
RJio,RJio
BSNL,BSNL
Vodafone,RJio
Airtel,Airtel
RJio,RJio
RJio,RJio
RJio,RJio
RJio,RJio
Airtel,Airtel
RJio,RJio
Vodafone,Vodafone
RJio,RJio
RJio,RJio
Idea,BSNL
RJio,RJio
RJio,RJio
Vodafone,Vodafone
Vodafone,Idea
Airtel,Airtel
Airtel,Airtel
RJio,RJio
Vodafone,Vodafone
Airtel,Airtel
Airtel,Airtel
RJio,RJio
Airtel,Airtel
Airtel,Airtel
Vodafone,Vodafone
RJio,RJio
Airtel,Airtel
RJio,RJio
RJio,RJio
RJio,RJio
RJio,RJio
RJio,RJio
RJio,RJio
Airtel,Airtel
RJio,RJio
Vodafone,Vodafone
Vodafone,Vodafone
Vodafone,Vodafone
Vodafone,Vodafone
Vodafone,Vodafone
RJio,RJio
RJio,RJio
Idea,Idea
BSNL,BSNL
Vodafone,Vodafone
Vodafone,Vodafone
Vodafone,Vodafone
RJio,RJio
BSNL,BSNL
MTNL,MTNL
Idea,RJio
RJio,RJio
Airtel,Airtel
Vodafone,Vodafone
Airtel,Airtel
RJio,RJio
Vodafone,Vodafone
Airtel,Airtel
RJio,RJio
Vodafone,Vodafone
Vodafone,Vodafone
Vodafone,Vodafone
RJio,RJio
Airtel,Airtel
Idea,Idea
RJio,RJio
RJio,RJio
RJio,RJio
RJio,RJio
Idea,Idea
Airtel,Airtel
Airtel,Airtel
RJio,RJio
RJio,Idea
BSNL,BSNL
Airtel,Airtel
RJio,RJio
RJio,RJio
RJio,RJio
MTNL,MTNL
Vodafone,Vodafone
RJio,RJio
RJio,RJio
RJio,RJio
Vodafone,Vodafone
RJio,RJio
Vodafone,Vodafone
RJio,RJio
RJio,RJio
Airtel,Airtel
RJio,RJio
BSNL,BSNL
Vodafone,Vodafone
MTNL,MTNL
RJio,RJio
Idea,Idea
Vodafone,Vodafone
Vodafone,Vodafone
Vodafone,Vodafone
RJio,RJio
RJio,RJio
RJio,RJio
Airtel,Airtel
Vodafone,BSNL
RJio,RJio
RJio,RJio
Airtel,Airtel
RJio,RJio
RJio,RJio
Airtel,Airtel
Airtel,Airtel
Airtel,Airtel
RJio,RJio
RJio,RJio
Airtel,Airtel
Airtel,Airtel
RJio,RJio
RJio,RJio
RJio,RJio
Airtel,Airtel
RJio,RJio
Vodafone,Vodafone
RJio,RJio
Vodafone,Vodafone
Airtel,Airtel
RJio,RJio
RJio,RJio
Airtel,Airtel
RJio,RJio
Vodafone,Vodafone
Airtel,Airtel
RJio,RJio
RJio,RJio
RJio,RJio
Airtel,Airtel
RJio,RJio
Airtel,Airtel
RJio,RJio
RJio,RJio
RJio,RJio
Vodafone,Vodafone
Airtel,Airtel
RJio,RJio
Airtel,Airtel
Airtel,Airtel
Vodafone,Vodafone
RJio,RJio
RJio,RJio
RJio,RJio
Vodafone,Vodafone
Vodafone,Vodafone
RJio,RJio
Idea,Idea
Airtel,Airtel
Vodafone,Vodafone
Vodafone,Vodafone
Vodafone,Vodafone
Airtel,Airtel
Vodafone,Vodafone
RJio,RJio
RJio,RJio
RJio,RJio
MTNL,MTNL
MTNL,MTNL
RJio,RJio
Airtel,Airtel
Airtel,RJio
RJio,RJio
BSNL,BSNL
Vodafone,RJio
RJio,Airtel
Idea,Idea
BSNL,BSNL
Vodafone,Vodafone
Vodafone,Vodafone
Vodafone,Vodafone
RJio,RJio
RJio,RJio
RJio,RJio
Vodafone,Vodafone
BSNL,Vodafone
RJio,Idea
Vodafone,Vodafone
RJio,RJio
RJio,RJio
Vodafone,RJio
RJio,RJio
RJio,RJio
RJio,RJio
RJio,RJio
RJio,RJio
RJio,RJio
RJio,RJio
RJio,RJio
RJio,RJio
RJio,RJio
RJio,RJio
RJio,RJio
RJio,RJio
Airtel,Airtel
Airtel,Airtel
Vodafone,Vodafone
Vodafone,Vodafone
Airtel,Airtel
RJio,RJio
RJio,Vodafone
RJio,RJio
RJio,RJio
BSNL,BSNL
RJio,RJio
Airtel,Airtel
RJio,RJio
RJio,RJio
Vodafone,Vodafone
Vodafone,Vodafone
Vodafone,Vodafone
RJio,RJio
RJio,RJio
Airtel,Airtel
RJio,RJio
RJio,RJio
RJio,RJio
BSNL,Airtel
Airtel,Airtel
BSNL,Airtel
Airtel,Airtel
Airtel,Airtel
Airtel,Airtel
RJio,RJio
RJio,RJio
RJio,RJio
RJio,RJio
RJio,RJio
RJio,RJio
RJio,RJio
RJio,RJio
RJio,RJio
RJio,RJio
RJio,RJio
RJio,RJio
RJio,RJio
RJio,RJio
RJio,RJio
Idea,Idea
RJio,RJio
RJio,Airtel
Airtel,RJio
RJio,RJio
Airtel,Airtel
RJio,RJio
RJio,RJio
RJio,RJio
Airtel,Airtel
Airtel,Airtel
Airtel,Airtel
RJio,RJio
RJio,RJio
RJio,RJio
Airtel,Airtel
Vodafone,Vodafone
Vodafone,Vodafone
Idea,Idea
RJio,RJio
RJio,RJio
RJio,RJio
Idea,Idea
RJio,RJio
RJio,RJio
RJio,RJio
BSNL,RJio
Airtel,Airtel
Vodafone,RJio
Vodafone,Vodafone
RJio,RJio
BSNL,BSNL
RJio,RJio
Airtel,Airtel
Vodafone,Vodafone
Vodafone,Vodafone
Vodafone,Vodafone
Vodafone,Vodafone
Vodafone,Vodafone
Vodafone,RJio
Vodafone,Vodafone
Vodafone,Vodafone
Vodafone,Vodafone
Vodafone,Vodafone
Vodafone,Vodafone
Vodafone,Vodafone
RJio,RJio
RJio,RJio
Idea,Idea
Vodafone,Vodafone
RJio,Airtel
RJio,RJio
RJio,RJio
RJio,RJio
Airtel,BSNL
RJio,RJio
RJio,RJio
Airtel,Vodafone
RJio,RJio
Vodafone,Vodafone
Airtel,Airtel
Idea,RJio
Vodafone,Vodafone
Vodafone,Vodafone
Vodafone,Vodafone
MTNL,MTNL
MTNL,MTNL
MTNL,MTNL
RJio,RJio
RJio,RJio
RJio,RJio
Airtel,Airtel
Vodafone,Vodafone
Airtel,Airtel
Airtel,Airtel
Airtel,Airtel
Airtel,Airtel
Airtel,Airtel
Airtel,Airtel
Airtel,Airtel
Airtel,Airtel
Airtel,Airtel
Airtel,Airtel
Vodafone,Airtel
BSNL,Vodafone
Airtel,Airtel
Vodafone,Vodafone
Vodafone,Vodafone
Airtel,Airtel
Airtel,Airtel
RJio,RJio
Airtel,Airtel
Airtel,Airtel
Airtel,Airtel
Vodafone,Vodafone
Vodafone,RJio
RJio,RJio
Airtel,Airtel
RJio,RJio
BSNL,BSNL
Airtel,Airtel
Vodafone,Vodafone
Vodafone,Vodafone
Airtel,Airtel
RJio,RJio
RJio,RJio
RJio,RJio
RJio,RJio
RJio,RJio
Airtel,Airtel
Airtel,Airtel
RJio,RJio
Vodafone,Vodafone
Idea,Idea
Airtel,RJio
RJio,RJio
RJio,RJio
Vodafone,Vodafone
Vodafone,Vodafone
RJio,RJio
Vodafone,Vodafone
Vodafone,Vodafone
RJio,RJio
RJio,RJio
MTNL,MTNL
Airtel,Airtel
MTNL,MTNL
Vodafone,Vodafone
RJio,RJio
RJio,RJio
RJio,RJio
Vodafone,Vodafone
Idea,Idea
RJio,RJio
Vodafone,Vodafone
Idea,Idea
Vodafone,Vodafone
RJio,RJio
Airtel,Airtel
RJio,RJio
Vodafone,Vodafone
RJio,RJio
Airtel,Airtel
RJio,RJio
Idea,Idea
Vodafone,RJio
RJio,RJio
Vodafone,Vodafone
Vodafone,Vodafone
Idea,Idea
Idea,Idea
Vodafone,Vodafone
RJio,RJio
RJio,RJio
Airtel,Airtel
RJio,RJio
Airtel,Idea
RJio,RJio
Airtel,Airtel
RJio,RJio
Vodafone,Vodafone
Airtel,Airtel
Airtel,RJio
Airtel,Airtel
RJio,RJio
RJio,Tata
RJio,RJio
Vodafone,Vodafone
RJio,RJio
RJio,RJio
RJio,RJio
Vodafone,Vodafone
Vodafone,Vodafone
RJio,RJio
Airtel,Airtel
Airtel,Airtel
RJio,RJio
MTNL,MTNL
MTNL,MTNL
RJio,Airtel
RJio,RJio
BSNL,BSNL
Vodafone,Vodafone
Airtel,Airtel
Airtel,Vodafone
RJio,RJio
Idea,Idea
RJio,RJio
RJio,RJio
RJio,RJio
RJio,RJio
Airtel,Airtel
RJio,RJio
RJio,RJio
Airtel,Airtel
RJio,RJio
Airtel,Airtel
RJio,RJio
Vodafone,RJio
RJio,RJio
Idea,Idea
RJio,RJio
RJio,RJio
RJio,RJio
Airtel,MTNL
RJio,RJio
RJio,RJio
RJio,Airtel
Vodafone,Vodafone
RJio,RJio
RJio,RJio
RJio,RJio
RJio,RJio
RJio,RJio
RJio,RJio
RJio,RJio
BSNL,BSNL
RJio,RJio
RJio,RJio
RJio,RJio
RJio,RJio
RJio,RJio
RJio,RJio
RJio,RJio
RJio,RJio
Vodafone,Vodafone
BSNL,BSNL
Vodafone,Vodafone
Vodafone,Vodafone
RJio,RJio
RJio,RJio
RJio,RJio
Vodafone,Vodafone
Idea,Idea
Airtel,RJio
Vodafone,RJio
RJio,RJio
RJio,RJio
Idea,Idea
BSNL,BSNL
Vodafone,Vodafone
RJio,RJio
Airtel,Airtel
Vodafone,Vodafone
Airtel,Airtel
RJio,RJio
RJio,RJio
Vodafone,Vodafone
RJio,RJio
Vodafone,Vodafone
Vodafone,Vodafone
Vodafone,Vodafone
Airtel,Airtel
Airtel,RJio
Airtel,Airtel
Other,RJio
Other,Other
RJio,RJio
RJio,Vodafone
BSNL,BSNL
Vodafone,Vodafone
Idea,Idea
Idea,Idea
RJio,RJio
Airtel,Airtel
RJio,RJio
RJio,RJio
RJio,RJio
RJio,Airtel
Vodafone,Vodafone
RJio,Idea
Idea,Airtel
RJio,RJio
Airtel,Airtel
RJio,RJio
Idea,Idea
RJio,RJio
Idea,Vodafone
RJio,RJio
RJio,RJio
RJio,RJio
Vodafone,Vodafone
RJio,RJio
RJio,RJio
RJio,RJio
RJio,RJio
RJio,RJio
Airtel,Airtel
RJio,RJio
Vodafone,Vodafone
Idea,Idea
RJio,RJio
RJio,RJio
Vodafone,Vodafone
RJio,RJio
Vodafone,Vodafone
RJio,RJio
Airtel,Airtel
RJio,RJio
Airtel,Idea
Airtel,Airtel
RJio,RJio
Vodafone,Vodafone
RJio,RJio
Vodafone,Vodafone
RJio,Vodafone
RJio,RJio
RJio,RJio
Airtel,Airtel
RJio,RJio
RJio,RJio
Airtel,Airtel
Airtel,Airtel
Vodafone,Vodafone
Vodafone,Vodafone
Vodafone,Vodafone
Vodafone,Vodafone
Vodafone,Vodafone
Vodafone,Vodafone
RJio,RJio
Airtel,Airtel
RJio,RJio
Airtel,Airtel
RJio,RJio
Vodafone,Vodafone
BSNL,BSNL
Airtel,Airtel
Airtel,Airtel
RJio,Vodafone
BSNL,BSNL
Vodafone,Vodafone
Idea,Idea
RJio,RJio
RJio,RJio
RJio,RJio
RJio,RJio
RJio,RJio
RJio,RJio
Vodafone,Vodafone
Vodafone,Vodafone
Vodafone,Vodafone
RJio,RJio
RJio,RJio
Vodafone,Vodafone
BSNL,BSNL
RJio,RJio
Vodafone,Vodafone
RJio,RJio
BSNL,BSNL
RJio,RJio
Airtel,Airtel
Airtel,Airtel
Vodafone,Vodafone
Idea,Idea
RJio,RJio
Airtel,Airtel
Airtel,Airtel
RJio,RJio
RJio,RJio
RJio,RJio
Vodafone,Vodafone
Vodafone,Vodafone
Vodafone,Vodafone
RJio,RJio
RJio,RJio
Vodafone,Vodafone
Vodafone,Vodafone
Vodafone,Vodafone
RJio,RJio
RJio,RJio
Airtel,Airtel
RJio,RJio
Airtel,Airtel
Idea,Idea
Idea,Idea
RJio,RJio
MTNL,MTNL
RJio,RJio
RJio,RJio
RJio,RJio
Vodafone,Vodafone
RJio,RJio
RJio,RJio
RJio,RJio
RJio,RJio
Idea,Idea
RJio,RJio
RJio,RJio
RJio,RJio
RJio,RJio
Idea,Idea
RJio,RJio
Vodafone,Vodafone
Airtel,Airtel
RJio,RJio
Vodafone,Vodafone
Vodafone,Vodafone
Airtel,Airtel
RJio,RJio
Vodafone,Vodafone
RJio,RJio
Vodafone,Vodafone
MTNL,MTNL
RJio,RJio
RJio,RJio
Vodafone,Vodafone
Airtel,Airtel
Vodafone,Vodafone
Vodafone,Vodafone
Vodafone,RJio
Vodafone,Vodafone
RJio,RJio
Airtel,Airtel
Idea,Idea
MTNL,MTNL
RJio,RJio
RJio,RJio
RJio,RJio
RJio,RJio
RJio,RJio
RJio,RJio
RJio,RJio
RJio,RJio
RJio,RJio
RJio,RJio
RJio,RJio
RJio,RJio
RJio,RJio
RJio,RJio
Vodafone,Vodafone
RJio,RJio
Vodafone,Vodafone
RJio,RJio
RJio,RJio
RJio,RJio
RJio,RJio
Vodafone,Vodafone
RJio,RJio
RJio,RJio
RJio,RJio
Vodafone,Vodafone
Vodafone,Vodafone
RJio,RJio
Airtel,Airtel
RJio,RJio
Vodafone,Vodafone
Idea,Idea
Airtel,Airtel
Idea,RJio
Vodafone,Vodafone
Airtel,Airtel
Idea,Idea
Airtel,Airtel
Airtel,Airtel
RJio,RJio
Airtel,Airtel
RJio,Idea
Vodafone,Vodafone
RJio,RJio
RJio,RJio
BSNL,RJio
BSNL,BSNL
Airtel,Airtel
Airtel,Airtel
Airtel,Airtel
Vodafone,Vodafone
Idea,Idea
Airtel,Airtel
Airtel,Airtel
RJio,RJio
Vodafone,Vodafone
BSNL,RJio
RJio,RJio
Airtel,Airtel
RJio,RJio
RJio,RJio
Vodafone,RJio
RJio,RJio
Airtel,RJio
RJio,RJio
RJio,RJio
Vodafone,Vodafone
Vodafone,Vodafone
RJio,RJio
Airtel,Airtel
RJio,RJio
Vodafone,Vodafone
Airtel,Airtel
Idea,Airtel
Vodafone,Vodafone
RJio,RJio
Vodafone,Vodafone
RJio,RJio
Airtel,Airtel
RJio,RJio
RJio,RJio
RJio,RJio
RJio,RJio
Airtel,Airtel
RJio,RJio
Airtel,RJio
RJio,RJio
RJio,RJio
RJio,RJio
RJio,RJio
RJio,RJio
Vodafone,Vodafone
Airtel,Airtel
RJio,RJio
RJio,RJio
RJio,RJio
Airtel,Airtel
RJio,Airtel
RJio,RJio
RJio,RJio
Idea,Idea
RJio,RJio
Vodafone,Vodafone
RJio,RJio
RJio,RJio
Airtel,Airtel
Idea,Idea
BSNL,BSNL
Airtel,Airtel
RJio,Vodafone
RJio,RJio
RJio,RJio
RJio,RJio
Vodafone,Vodafone
Idea,RJio
RJio,RJio
Airtel,RJio
Airtel,Airtel
BSNL,RJio
Vodafone,Vodafone
RJio,Vodafone
Airtel,Airtel
Airtel,Airtel
Airtel,Airtel
RJio,RJio
Vodafone,Vodafone
RJio,RJio
Airtel,Airtel
RJio,RJio
Vodafone,Vodafone
Vodafone,Vodafone
RJio,RJio
Airtel,Airtel
Airtel,Airtel
RJio,RJio
RJio,RJio
Vodafone,Idea
Idea,Idea
RJio,RJio
BSNL,BSNL
RJio,RJio
Vodafone,Vodafone
Airtel,Airtel
Vodafone,Vodafone
Vodafone,Vodafone
Vodafone,Vodafone
Vodafone,Vodafone
Vodafone,Vodafone
Vodafone,Airtel
Idea,Idea
RJio,RJio
RJio,RJio
RJio,RJio
RJio,RJio
Vodafone,Vodafone
Vodafone,Vodafone
RJio,RJio
RJio,RJio
Vodafone,Vodafone
Vodafone,Vodafone
RJio,RJio
Airtel,Airtel
Airtel,Airtel
Airtel,Airtel
Vodafone,Vodafone
Vodafone,Airtel
RJio,RJio
RJio,RJio
Vodafone,Vodafone
RJio,RJio
Airtel,Airtel
Vodafone,Vodafone
Vodafone,Vodafone
RJio,RJio
BSNL,BSNL
Vodafone,Vodafone
Airtel,Airtel
RJio,RJio
RJio,RJio
RJio,RJio
Airtel,Airtel
BSNL,BSNL
Airtel,Airtel
RJio,RJio
BSNL,BSNL
RJio,RJio
Vodafone,Vodafone
RJio,RJio
Vodafone,Vodafone
RJio,RJio
RJio,RJio
RJio,RJio
BSNL,BSNL
RJio,RJio
RJio,RJio
BSNL,BSNL
BSNL,BSNL
BSNL,BSNL
Airtel,Airtel
Vodafone,Vodafone
Airtel,Vodafone
RJio,RJio
RJio,RJio
Idea,Idea
RJio,RJio
Vodafone,Vodafone
Vodafone,Vodafone
RJio,RJio
Vodafone,Vodafone
Idea,BSNL
Vodafone,Vodafone
Idea,Vodafone
Vodafone,Vodafone
RJio,RJio
RJio,RJio
Vodafone,Vodafone
Other,Other
Airtel,Airtel
Airtel,Airtel
MTNL,MTNL
RJio,RJio
Vodafone,Vodafone
Vodafone,RJio
RJio,RJio
RJio,RJio
RJio,RJio
RJio,RJio
RJio,RJio
RJio,RJio
RJio,RJio
RJio,RJio
RJio,RJio
Airtel,Airtel
RJio,RJio
Vodafone,RJio
MTNL,MTNL
MTNL,MTNL
MTNL,MTNL
RJio,RJio
Vodafone,Vodafone
RJio,RJio
Airtel,Airtel
Airtel,Airtel
Airtel,Airtel
Vodafone,Vodafone
RJio,RJio
Vodafone,Vodafone
RJio,RJio
RJio,RJio
MTNL,MTNL
RJio,RJio
RJio,RJio
Vodafone,Vodafone
Vodafone,Vodafone
Vodafone,Vodafone
Vodafone,Vodafone
Vodafone,Vodafone
BSNL,BSNL
RJio,RJio
RJio,RJio
RJio,RJio
Airtel,Vodafone
Vodafone,Vodafone
RJio,RJio
Airtel,Airtel
Airtel,Airtel
Airtel,Airtel
Airtel,Airtel
Airtel,Airtel
Idea,Idea
BSNL,BSNL
Airtel,Airtel
Airtel,Airtel
RJio,RJio
Airtel,Airtel
RJio,RJio
Vodafone,Vodafone
Vodafone,Vodafone
RJio,RJio
RJio,RJio
RJio,RJio
Vodafone,Vodafone
Telenor,RJio
Idea,Idea
Idea,Idea
RJio,RJio
RJio,RJio
RJio,RJio
Airtel,Airtel
RJio,RJio
RJio,RJio
Idea,Idea
Idea,Idea
RJio,Idea
RJio,RJio
Idea,Idea
RJio,RJio
Vodafone,Airtel
Vodafone,Vodafone
Vodafone,Vodafone
Vodafone,Vodafone
Vodafone,Vodafone
Vodafone,Vodafone
RJio,RJio
Airtel,Airtel
Airtel,Airtel
RJio,RJio
Idea,Idea
Idea,Idea
Idea,Idea
RJio,RJio
RJio,RJio
Idea,Idea
Vodafone,Vodafone
Airtel,Airtel
RJio,RJio
Idea,Idea
RJio,RJio
Vodafone,RJio
RJio,RJio
Vodafone,Vodafone
RJio,RJio
BSNL,BSNL
Idea,Idea
Vodafone,Vodafone
Airtel,RJio
RJio,RJio
Idea,Idea
Vodafone,Vodafone
Airtel,Airtel
Airtel,Airtel
RJio,RJio
Idea,Idea
Vodafone,Vodafone
Vodafone,Vodafone
RJio,RJio
RJio,RJio
RJio,Airtel
RJio,RJio
Vodafone,Vodafone
RJio,Airtel
RJio,RJio
RJio,RJio
BSNL,BSNL
Vodafone,Vodafone
Other,Other
RJio,RJio
Vodafone,Vodafone
Airtel,Airtel
RJio,RJio
RJio,RJio
RJio,RJio
Vodafone,Vodafone
Airtel,Airtel
Airtel,Airtel
RJio,RJio
Airtel,Airtel
RJio,RJio
RJio,RJio
Vodafone,Vodafone
Vodafone,Vodafone
Vodafone,Vodafone
RJio,RJio
RJio,RJio
RJio,RJio
Vodafone,Vodafone
Vodafone,Vodafone
Vodafone,Vodafone
Vodafone,Vodafone
Idea,Airtel
Vodafone,Vodafone
Idea,Idea
Idea,Idea
Vodafone,Idea
Idea,Idea
Idea,Idea
RJio,RJio
RJio,RJio
RJio,RJio
RJio,RJio
Idea,Idea
RJio,RJio
RJio,RJio
Airtel,Airtel
RJio,RJio
RJio,RJio
Airtel,Airtel
Airtel,Airtel
Airtel,Airtel
RJio,RJio
Vodafone,RJio
Vodafone,Vodafone
Airtel,Airtel
Airtel,Airtel
RJio,RJio
Idea,Idea
RJio,RJio
RJio,RJio
Airtel,Airtel
RJio,Airtel
BSNL,BSNL
RJio,RJio
Airtel,Airtel
RJio,RJio
Vodafone,RJio
Vodafone,Vodafone
RJio,RJio
Vodafone,Vodafone
RJio,RJio
RJio,RJio
RJio,RJio
RJio,RJio
RJio,RJio
RJio,Vodafone
RJio,RJio
RJio,RJio
Vodafone,Vodafone
Airtel,Airtel
Vodafone,Vodafone
Idea,Idea
RJio,RJio
RJio,RJio
RJio,RJio
RJio,RJio
RJio,RJio
Airtel,RJio
RJio,RJio
Idea,Idea
Vodafone,MTNL
Airtel,Vodafone
Vodafone,Vodafone
Airtel,Airtel
Vodafone,Vodafone
Vodafone,Vodafone
RJio,MTNL
Airtel,Airtel
Vodafone,Vodafone
Vodafone,Vodafone
RJio,RJio
Vodafone,Vodafone
Idea,Idea
RJio,RJio
RJio,RJio
RJio,RJio
RJio,Other
Vodafone,Vodafone
RJio,RJio
RJio,RJio
RJio,RJio
Airtel,Airtel
BSNL,BSNL
RJio,RJio
RJio,RJio
BSNL,BSNL
Vodafone,Vodafone
BSNL,BSNL
RJio,RJio
Airtel,Airtel
RJio,RJio
Idea,Idea
RJio,RJio
Vodafone,RJio
RJio,RJio
Airtel,Airtel
Vodafone,Vodafone
Idea,Idea
RJio,RJio
RJio,RJio
BSNL,BSNL
RJio,RJio
RJio,RJio
RJio,RJio
RJio,RJio
Idea,Idea
Vodafone,Vodafone
RJio,RJio
Idea,Idea
Vodafone,Vodafone
RJio,RJio
RJio,RJio
RJio,RJio
Vodafone,Vodafone
RJio,RJio
RJio,RJio
RJio,RJio
RJio,RJio
RJio,RJio
RJio,RJio
Airtel,RJio
RJio,RJio
RJio,RJio
Vodafone,Vodafone
RJio,RJio
RJio,RJio
RJio,RJio
Other,Other
Vodafone,Vodafone
BSNL,BSNL
Vodafone,Vodafone
RJio,RJio
BSNL,BSNL
BSNL,BSNL
RJio,RJio
RJio,RJio
BSNL,BSNL
RJio,Vodafone
Vodafone,RJio
Vodafone,Vodafone
Airtel,Airtel
Airtel,Airtel
RJio,RJio
RJio,RJio
RJio,RJio
RJio,RJio
RJio,RJio
RJio,RJio
Vodafone,RJio
RJio,RJio
RJio,RJio
Vodafone,Vodafone
Airtel,Airtel
Vodafone,Vodafone
RJio,RJio
Airtel,Airtel
Airtel,Airtel
Airtel,Airtel
Vodafone,Vodafone
Vodafone,Vodafone
Vodafone,Vodafone
Idea,Idea
RJio,RJio
RJio,RJio
Airtel,Airtel
Airtel,Airtel
RJio,RJio
Idea,Idea
Vodafone,Vodafone
RJio,RJio
RJio,RJio
Idea,Idea
Vodafone,Idea
Airtel,Airtel
Airtel,Airtel
Vodafone,Idea
RJio,RJio
RJio,RJio
RJio,RJio
RJio,BSNL
Idea,Idea
Airtel,RJio
RJio,RJio
RJio,RJio
Airtel,Airtel
RJio,RJio
Airtel,Airtel
RJio,Airtel
RJio,RJio
Airtel,RJio
Airtel,RJio
Airtel,Airtel
Airtel,RJio
RJio,RJio
Vodafone,Idea
Vodafone,Idea
RJio,RJio
Airtel,Airtel
Airtel,Airtel
Airtel,Airtel
MTNL,MTNL
Vodafone,Vodafone
RJio,RJio
RJio,RJio
Airtel,Airtel
Airtel,Airtel
BSNL,BSNL
BSNL,BSNL
Vodafone,Vodafone
Vodafone,Vodafone
Vodafone,Vodafone
Vodafone,Vodafone
Vodafone,Vodafone
RJio,RJio
Vodafone,Vodafone
Vodafone,Vodafone
RJio,RJio
RJio,RJio
RJio,RJio
RJio,RJio
RJio,RJio
RJio,RJio
Vodafone,Vodafone
RJio,RJio
Idea,Idea
RJio,RJio
RJio,RJio
Vodafone,RJio
RJio,RJio
Vodafone,Vodafone
RJio,RJio
Vodafone,Vodafone
Idea,Idea
Airtel,Airtel
Airtel,Idea
Airtel,Airtel
RJio,RJio
RJio,RJio
Vodafone,RJio
RJio,RJio
Airtel,Airtel
RJio,RJio
RJio,RJio
RJio,RJio
Vodafone,Vodafone
BSNL,BSNL
RJio,RJio
Airtel,Airtel
RJio,RJio
RJio,RJio
RJio,RJio
Vodafone,Vodafone
Airtel,Idea
Airtel,Airtel
RJio,RJio
Vodafone,Vodafone
Airtel,Airtel
Vodafone,Vodafone
Vodafone,Vodafone
MTNL,MTNL
RJio,RJio
RJio,RJio
Airtel,Airtel
Airtel,Airtel
Airtel,Airtel
RJio,RJio
BSNL,BSNL
Idea,RJio
RJio,RJio
RJio,RJio
Idea,Idea
RJio,RJio
RJio,Vodafone
RJio,RJio
RJio,RJio
Airtel,Airtel
RJio,RJio
Airtel,RJio
Airtel,Airtel
BSNL,BSNL
RJio,RJio
RJio,RJio
Airtel,Airtel
RJio,RJio
RJio,RJio
RJio,RJio
Idea,Idea
RJio,RJio
Vodafone,Vodafone
Vodafone,Airtel
Vodafone,Vodafone
Airtel,Airtel
Airtel,Airtel
RJio,RJio
BSNL,Airtel
RJio,RJio
RJio,RJio
RJio,RJio
RJio,RJio
Vodafone,RJio
RJio,RJio
RJio,RJio
Airtel,Airtel
BSNL,BSNL
Vodafone,Vodafone
BSNL,BSNL
RJio,RJio
Idea,RJio
Vodafone,Vodafone
Vodafone,Vodafone
Vodafone,Vodafone
Vodafone,Vodafone
BSNL,BSNL
RJio,RJio
RJio,RJio
Vodafone,RJio
Idea,Idea
BSNL,BSNL
RJio,RJio
RJio,RJio
RJio,Airtel
BSNL,BSNL
Airtel,Airtel
RJio,RJio
Airtel,Airtel
BSNL,BSNL
Vodafone,Vodafone
RJio,RJio
RJio,RJio
RJio,RJio
RJio,RJio
RJio,RJio
RJio,RJio
RJio,RJio
RJio,RJio
BSNL,BSNL
Idea,Vodafone
RJio,RJio
RJio,RJio
BSNL,BSNL
BSNL,BSNL
RJio,RJio
RJio,RJio
RJio,RJio
RJio,RJio
RJio,RJio
RJio,RJio
RJio,RJio
RJio,RJio
RJio,RJio
RJio,RJio
BSNL,BSNL
Airtel,Airtel
RJio,RJio
RJio,RJio
Airtel,Airtel
Vodafone,Vodafone
Idea,Idea
RJio,RJio
RJio,RJio
RJio,RJio
Airtel,RJio
RJio,RJio
Vodafone,Vodafone
Airtel,Airtel
RJio,RJio
Vodafone,Vodafone
RJio,RJio
RJio,RJio
Airtel,Airtel
Airtel,Airtel
Airtel,Airtel
Airtel,Airtel
Airtel,Airtel
Airtel,Idea
Idea,RJio
RJio,RJio
RJio,RJio
RJio,RJio
RJio,RJio
RJio,RJio
Airtel,Airtel
Vodafone,Vodafone
BSNL,BSNL
RJio,Airtel
Airtel,Airtel
Vodafone,Vodafone
Vodafone,Vodafone
RJio,RJio
Airtel,Airtel
RJio,RJio
RJio,RJio
RJio,RJio
Vodafone,Vodafone
Airtel,Airtel
Airtel,RJio
Airtel,Airtel
Airtel,Airtel
Airtel,Airtel
Airtel,Airtel
Airtel,Airtel
Airtel,Airtel
Airtel,Airtel
Airtel,Airtel
Vodafone,Vodafone
Airtel,Airtel
RJio,RJio
Airtel,Airtel
RJio,RJio
Vodafone,Vodafone
Airtel,Airtel
RJio,RJio
RJio,RJio
Vodafone,Vodafone
Airtel,Airtel
BSNL,BSNL
Vodafone,Vodafone
RJio,RJio
RJio,Idea
RJio,RJio
Airtel,Airtel
RJio,RJio
Vodafone,Vodafone
RJio,RJio
BSNL,BSNL
RJio,RJio
RJio,RJio
Vodafone,Vodafone
RJio,RJio
RJio,RJio
Vodafone,Vodafone
Vodafone,Vodafone
Airtel,Airtel
Vodafone,Vodafone
Idea,Idea
Vodafone,Vodafone
Vodafone,Vodafone
Vodafone,Vodafone
Vodafone,Vodafone
RJio,RJio
Airtel,Airtel
RJio,RJio
RJio,RJio
RJio,RJio
RJio,RJio
RJio,RJio
RJio,RJio
RJio,RJio
RJio,RJio
RJio,Idea
RJio,RJio
RJio,RJio
Idea,Idea
RJio,RJio
Airtel,Airtel
RJio,RJio
Idea,Idea
RJio,RJio
RJio,RJio
Idea,Idea
Idea,Idea
RJio,RJio
BSNL,BSNL
Vodafone,Vodafone
Airtel,Airtel
Airtel,Airtel
RJio,RJio
Airtel,Airtel
Vodafone,RJio
RJio,RJio
RJio,RJio
RJio,RJio
RJio,RJio
RJio,RJio
RJio,RJio
Vodafone,Vodafone
Vodafone,Vodafone
RJio,RJio
Airtel,RJio
Vodafone,Vodafone
Vodafone,Vodafone
Vodafone,Vodafone
Airtel,RJio
Vodafone,Vodafone
RJio,RJio
Airtel,Airtel
Vodafone,Vodafone
BSNL,BSNL
RJio,RJio
RJio,RJio
RJio,RJio
Idea,Idea
RJio,RJio
Airtel,Airtel
RJio,RJio
Vodafone,Vodafone
Airtel,Airtel
RJio,RJio
Airtel,Airtel
RJio,RJio
RJio,RJio
RJio,RJio
Airtel,Airtel
Airtel,Vodafone
Idea,Idea
RJio,RJio
RJio,Vodafone
Idea,Idea
MTNL,MTNL
RJio,RJio
MTNL,MTNL
MTNL,MTNL
RJio,RJio
RJio,RJio
RJio,RJio
RJio,Idea
RJio,RJio
Idea,Idea
Airtel,Airtel
RJio,RJio
Vodafone,Airtel
Idea,Idea
RJio,RJio
Vodafone,Vodafone
RJio,RJio
Vodafone,Vodafone
RJio,RJio
RJio,RJio
RJio,Airtel
RJio,RJio
RJio,Airtel
BSNL,BSNL
Airtel,Airtel
RJio,RJio
RJio,RJio
Vodafone,Vodafone
BSNL,BSNL
RJio,RJio
MTNL,MTNL
BSNL,BSNL
RJio,RJio
RJio,RJio
RJio,RJio
RJio,RJio
RJio,RJio
RJio,RJio
RJio,RJio
RJio,RJio
Vodafone,Vodafone
RJio,RJio
RJio,RJio
Idea,Idea
RJio,RJio
RJio,RJio
RJio,RJio
RJio,RJio
RJio,RJio
RJio,RJio
RJio,RJio
RJio,RJio
RJio,RJio
RJio,RJio
Vodafone,Vodafone
Vodafone,Vodafone
RJio,RJio
RJio,RJio
Airtel,Airtel
Idea,Idea
Airtel,Airtel
Airtel,Airtel
Airtel,BSNL
Vodafone,Vodafone
Airtel,Airtel
Airtel,Airtel
Vodafone,Vodafone
RJio,RJio
Airtel,Airtel
RJio,RJio
RJio,RJio
Idea,Idea
Vodafone,Vodafone
RJio,RJio
RJio,RJio
Airtel,Airtel
RJio,RJio
RJio,RJio
RJio,RJio
Vodafone,Vodafone
RJio,RJio
Airtel,BSNL
RJio,RJio
Airtel,Airtel
Airtel,Airtel
Airtel,Airtel
RJio,RJio
Airtel,Airtel
Vodafone,Vodafone
RJio,Airtel
Idea,RJio
RJio,RJio
Vodafone,MTNL
MTNL,MTNL
RJio,RJio
Airtel,Airtel
Idea,Idea
Vodafone,Vodafone
RJio,RJio
Vodafone,Vodafone
RJio,RJio
RJio,RJio
Idea,Vodafone
Airtel,Airtel
Vodafone,Vodafone
Airtel,Airtel
RJio,RJio
RJio,RJio
Airtel,Airtel
RJio,RJio
RJio,RJio
Airtel,Airtel
RJio,RJio
RJio,RJio
RJio,RJio
RJio,RJio
RJio,RJio
RJio,RJio
Idea,Idea
Airtel,Airtel
RJio,RJio
RJio,RJio
Vodafone,Airtel
RJio,RJio
RJio,RJio
RJio,RJio
RJio,RJio
RJio,RJio
BSNL,BSNL
RJio,RJio
Vodafone,Idea
Vodafone,Vodafone
BSNL,BSNL
Airtel,RJio
BSNL,BSNL
RJio,RJio
RJio,RJio
RJio,Airtel
Vodafone,BSNL
Vodafone,Vodafone
RJio,RJio
RJio,RJio
Vodafone,Vodafone
RJio,RJio
RJio,RJio
RJio,RJio
Airtel,Airtel
Vodafone,Vodafone
RJio,RJio
RJio,RJio
RJio,RJio
RJio,Airtel
RJio,RJio
RJio,RJio
Vodafone,Vodafone
RJio,RJio
RJio,RJio
Airtel,Airtel
BSNL,BSNL
BSNL,BSNL
RJio,RJio
Airtel,Airtel
RJio,RJio
RJio,RJio
Vodafone,Vodafone
Vodafone,Vodafone
RJio,RJio
Airtel,Airtel
BSNL,BSNL
RJio,RJio
RJio,RJio
RJio,RJio
RJio,RJio
RJio,RJio
RJio,RJio
RJio,RJio
RJio,RJio
RJio,RJio
RJio,RJio
RJio,RJio
RJio,RJio
RJio,RJio
Vodafone,Vodafone
RJio,RJio
Vodafone,Vodafone
Vodafone,Vodafone
RJio,RJio
RJio,RJio
BSNL,BSNL
RJio,RJio
RJio,RJio
RJio,RJio
RJio,RJio
RJio,RJio
Airtel,Vodafone
RJio,RJio
Vodafone,Vodafone
RJio,RJio
Airtel,Airtel
Airtel,Airtel
Airtel,Airtel
RJio,RJio
RJio,RJio
Airtel,Airtel
Vodafone,Vodafone
RJio,RJio
Airtel,BSNL
RJio,RJio
Vodafone,Vodafone
RJio,RJio
RJio,RJio
Airtel,Airtel
Airtel,Airtel
RJio,RJio
RJio,RJio
Vodafone,Vodafone
RJio,RJio
RJio,RJio
Airtel,RJio
RJio,RJio
Vodafone,Vodafone
RJio,Idea
RJio,Airtel
RJio,RJio
Airtel,Airtel
Idea,Idea
RJio,RJio
RJio,RJio
RJio,RJio
Idea,Vodafone
Vodafone,Vodafone
Idea,Idea
Idea,Idea
RJio,RJio
Airtel,Airtel
Vodafone,Vodafone
Vodafone,Vodafone
RJio,RJio
RJio,RJio
RJio,RJio
RJio,RJio
RJio,RJio
Vodafone,Vodafone
RJio,RJio
BSNL,BSNL
RJio,RJio
Vodafone,BSNL
RJio,RJio
RJio,RJio
Vodafone,Vodafone
RJio,RJio
Vodafone,Vodafone
Vodafone,Airtel
Airtel,Airtel
MTNL,MTNL
Vodafone,Vodafone
RJio,RJio
RJio,RJio
Vodafone,Vodafone
Airtel,Airtel
Airtel,Vodafone
RJio,RJio
RJio,RJio
Airtel,RJio
Vodafone,Vodafone
Airtel,Airtel
RJio,RJio
Vodafone,Vodafone
Vodafone,Vodafone
Airtel,Airtel
RJio,RJio
RJio,RJio
Vodafone,RJio
Airtel,RJio
RJio,RJio
Vodafone,Vodafone
Idea,Airtel
Vodafone,RJio
Vodafone,Vodafone
RJio,RJio
RJio,RJio
RJio,RJio
RJio,RJio
Vodafone,Vodafone
RJio,RJio
RJio,RJio
RJio,RJio
RJio,RJio
RJio,RJio
RJio,RJio
RJio,RJio
Vodafone,Vodafone
Vodafone,Vodafone
Vodafone,Vodafone
Idea,Idea
RJio,RJio
Idea,Idea
Idea,RJio
Idea,Idea
Vodafone,Vodafone
RJio,RJio
Airtel,Airtel
RJio,RJio
RJio,RJio
BSNL,BSNL
RJio,RJio
Idea,Idea
RJio,RJio
Vodafone,Vodafone
RJio,RJio
RJio,RJio
Vodafone,Vodafone
Vodafone,Vodafone
Vodafone,Vodafone
RJio,RJio
RJio,RJio
RJio,RJio
Airtel,Airtel
Vodafone,Vodafone
Vodafone,Vodafone
BSNL,Idea
RJio,RJio
RJio,Vodafone
BSNL,BSNL
Vodafone,Vodafone
RJio,RJio
RJio,RJio
RJio,RJio
RJio,RJio
Vodafone,Vodafone
RJio,RJio
Vodafone,Vodafone
MTNL,MTNL
RJio,RJio
RJio,RJio
Vodafone,Vodafone
RJio,Airtel
Airtel,Airtel
Airtel,Airtel
Airtel,Airtel
Vodafone,Vodafone
Airtel,BSNL
RJio,RJio
Airtel,Airtel
Vodafone,Vodafone
Airtel,Airtel
Vodafone,Vodafone
RJio,RJio
Vodafone,RJio
Airtel,Airtel
RJio,RJio
RJio,RJio
Vodafone,Vodafone
Airtel,Airtel
RJio,RJio
RJio,RJio
Airtel,Airtel
Vodafone,Vodafone
Vodafone,Vodafone
BSNL,BSNL
RJio,RJio
RJio,RJio
BSNL,Vodafone
RJio,RJio
Idea,Idea
RJio,RJio
RJio,RJio
Airtel,Airtel
RJio,RJio
BSNL,BSNL
Idea,RJio
RJio,RJio
RJio,RJio
RJio,RJio
Vodafone,Vodafone
Idea,Idea
Idea,Idea
RJio,Airtel
Vodafone,Vodafone
Vodafone,Vodafone
Vodafone,Vodafone
BSNL,BSNL
Vodafone,Vodafone
Vodafone,Vodafone
Vodafone,Vodafone
Vodafone,Vodafone
RJio,RJio
RJio,BSNL
RJio,RJio
Vodafone,Vodafone
Airtel,Airtel
Airtel,BSNL
RJio,RJio
RJio,RJio
Airtel,Airtel
RJio,RJio
BSNL,BSNL
Airtel,Vodafone
Airtel,Airtel
Vodafone,Vodafone
RJio,RJio
RJio,RJio
Airtel,Airtel
Vodafone,Vodafone
Airtel,Airtel
RJio,RJio
RJio,RJio
Airtel,Airtel
Airtel,RJio
Idea,Idea
Airtel,Airtel
Vodafone,Vodafone
Vodafone,Vodafone
RJio,RJio
RJio,RJio
Airtel,Airtel
RJio,RJio
Airtel,Airtel
Airtel,Airtel
Airtel,Airtel
Airtel,Vodafone
Vodafone,Vodafone
RJio,RJio
Airtel,Airtel
RJio,RJio
RJio,RJio
Idea,Idea
RJio,RJio
RJio,RJio
Idea,Idea
Vodafone,Vodafone
Vodafone,Vodafone
Vodafone,Vodafone
RJio,RJio
Vodafone,Airtel
RJio,RJio
RJio,RJio
RJio,RJio
Vodafone,Vodafone
Vodafone,Vodafone
Airtel,Airtel
RJio,RJio
RJio,RJio
Vodafone,Vodafone
RJio,RJio
Vodafone,Vodafone
Airtel,Airtel
RJio,RJio
RJio,RJio
RJio,RJio
RJio,RJio
RJio,RJio
Airtel,Airtel
RJio,RJio
RJio,RJio
Airtel,Airtel
RJio,RJio
Vodafone,Vodafone
RJio,RJio
Vodafone,Vodafone
Vodafone,Vodafone
RJio,RJio
RJio,RJio
RJio,RJio
RJio,RJio
RJio,RJio
RJio,RJio
Vodafone,Vodafone
RJio,Vodafone
Airtel,Airtel
RJio,BSNL
RJio,RJio
Vodafone,Vodafone
Idea,Idea
RJio,RJio
RJio,RJio
BSNL,BSNL
Vodafone,Idea
RJio,RJio
RJio,RJio
RJio,RJio
Airtel,Airtel
Airtel,Airtel
Idea,Idea
Airtel,Vodafone
Airtel,BSNL
Vodafone,BSNL
Vodafone,BSNL
Vodafone,Vodafone
RJio,RJio
Vodafone,Vodafone
Idea,Idea
Vodafone,Vodafone
Vodafone,Vodafone
RJio,RJio
RJio,RJio
RJio,RJio
Vodafone,Vodafone
Airtel,Airtel
Vodafone,Vodafone
Vodafone,Vodafone
Vodafone,Vodafone
RJio,RJio
RJio,RJio
RJio,RJio
RJio,RJio
Airtel,Airtel
RJio,RJio
Airtel,Airtel
Vodafone,Vodafone
RJio,RJio
RJio,RJio
Vodafone,Vodafone
Vodafone,Vodafone
Vodafone,Vodafone
Airtel,Airtel
BSNL,BSNL
RJio,RJio
Vodafone,Idea
Vodafone,Vodafone
Vodafone,Vodafone
RJio,RJio
Airtel,Airtel
Vodafone,Vodafone
RJio,RJio
RJio,RJio
Vodafone,Vodafone
RJio,Idea
RJio,Vodafone
RJio,RJio
RJio,RJio
Vodafone,Vodafone
RJio,RJio
RJio,RJio
RJio,RJio
Vodafone,Vodafone
Vodafone,Vodafone
RJio,RJio
RJio,RJio
RJio,RJio
BSNL,BSNL
Airtel,Airtel
Airtel,Airtel
RJio,RJio
Airtel,Airtel
Idea,BSNL
Vodafone,Vodafone
RJio,RJio
RJio,MTNL
RJio,RJio
Vodafone,Vodafone
RJio,RJio
RJio,RJio
Vodafone,Idea
Vodafone,Vodafone
RJio,RJio
RJio,RJio
BSNL,BSNL
RJio,RJio
BSNL,RJio
Vodafone,Vodafone
RJio,RJio
Airtel,Airtel
Vodafone,RJio
Idea,Idea
RJio,RJio
Airtel,Airtel
Airtel,RJio
RJio,RJio
RJio,RJio
BSNL,BSNL
RJio,RJio
Airtel,Airtel
RJio,RJio
RJio,RJio
Airtel,Airtel
BSNL,BSNL
Vodafone,Vodafone
Vodafone,Vodafone
RJio,RJio
MTNL,MTNL
RJio,RJio
RJio,RJio
Vodafone,Vodafone
Airtel,Airtel
RJio,Airtel
Vodafone,Vodafone
Vodafone,Vodafone
Airtel,Airtel
RJio,RJio
Airtel,Airtel
RJio,RJio
Vodafone,Vodafone
Vodafone,Vodafone
RJio,RJio
RJio,RJio
Airtel,Airtel
Vodafone,Vodafone
BSNL,BSNL
Vodafone,Vodafone
RJio,RJio
Airtel,Airtel
RJio,RJio
Vodafone,Vodafone
RJio,RJio
Airtel,Airtel
Vodafone,Vodafone
Vodafone,Vodafone
RJio,Vodafone
RJio,RJio
Airtel,Airtel
Airtel,Airtel
Airtel,Airtel
Airtel,Airtel
Airtel,Airtel
Airtel,Airtel
Airtel,Airtel
Airtel,Airtel
RJio,RJio
BSNL,BSNL
Vodafone,Vodafone
Vodafone,Vodafone
RJio,RJio
Vodafone,Vodafone
RJio,Vodafone
RJio,RJio
Airtel,Airtel
RJio,RJio
Vodafone,Vodafone
Vodafone,Vodafone
RJio,RJio
BSNL,BSNL
RJio,RJio
RJio,RJio
Idea,Idea
Vodafone,Idea
RJio,RJio
Vodafone,Vodafone
Airtel,Airtel
RJio,RJio
RJio,RJio
RJio,RJio
Airtel,Airtel
RJio,RJio
RJio,RJio
Airtel,Airtel
Vodafone,Vodafone
Airtel,Airtel
Airtel,Airtel
RJio,RJio
Airtel,RJio
Vodafone,Vodafone
Airtel,Airtel
RJio,RJio
RJio,BSNL
RJio,RJio
RJio,RJio
RJio,RJio
Idea,Idea
RJio,RJio
Vodafone,Vodafone
RJio,RJio
MTNL,MTNL
Airtel,RJio
Vodafone,Vodafone
Airtel,Airtel
Airtel,Airtel
Airtel,Airtel
Vodafone,Idea
Airtel,Airtel
RJio,RJio
RJio,RJio
RJio,RJio
RJio,RJio
RJio,RJio
RJio,RJio
Vodafone,Vodafone
RJio,RJio
RJio,RJio
RJio,RJio
BSNL,BSNL
RJio,RJio
Vodafone,Vodafone
Vodafone,Vodafone
Vodafone,Vodafone
RJio,RJio
Vodafone,Vodafone
Vodafone,Vodafone
RJio,RJio
Vodafone,Vodafone
RJio,RJio
RJio,RJio
RJio,RJio
RJio,RJio
Airtel,Airtel
Airtel,Airtel
Airtel,Airtel
Vodafone,Vodafone
RJio,RJio
RJio,RJio
RJio,RJio
Airtel,Airtel
Vodafone,Vodafone
Vodafone,Vodafone
Vodafone,Vodafone
Vodafone,Vodafone
RJio,RJio
RJio,RJio
RJio,RJio
RJio,RJio
RJio,RJio
RJio,Airtel
RJio,RJio
Vodafone,Vodafone
Idea,RJio
RJio,RJio
Airtel,Airtel
Vodafone,Vodafone
Vodafone,Vodafone
RJio,RJio
BSNL,BSNL
Airtel,Airtel
RJio,RJio
Airtel,Airtel
Idea,Airtel
Airtel,Airtel
Airtel,Airtel
Vodafone,Vodafone
Vodafone,Vodafone
Vodafone,Vodafone
RJio,RJio
RJio,RJio
RJio,RJio
RJio,RJio
RJio,RJio
Vodafone,Airtel
Idea,Idea
Idea,Vodafone
Vodafone,Idea
Vodafone,Idea
RJio,RJio
Vodafone,Vodafone
Vodafone,Vodafone
Idea,Idea
Idea,Idea
Airtel,Airtel
Vodafone,Vodafone
Airtel,Airtel
RJio,RJio
Idea,Idea
Airtel,Airtel
RJio,RJio
RJio,RJio
RJio,RJio
RJio,RJio
Idea,Idea
RJio,RJio
Airtel,Airtel
RJio,RJio
Vodafone,Vodafone
RJio,RJio
Vodafone,Vodafone
Vodafone,Vodafone
Vodafone,Vodafone
Airtel,Airtel
Airtel,Idea
Vodafone,Vodafone
RJio,RJio
RJio,RJio
RJio,RJio
Airtel,Airtel
RJio,RJio
RJio,RJio
Airtel,Airtel
Airtel,Airtel
Airtel,Airtel
Airtel,Airtel
Airtel,Airtel
RJio,RJio
RJio,RJio
Airtel,Airtel
Vodafone,Vodafone
Airtel,Airtel
RJio,RJio
RJio,RJio
Vodafone,Vodafone
Vodafone,Vodafone
RJio,RJio
RJio,RJio
Airtel,Airtel
Vodafone,Vodafone
BSNL,BSNL
Vodafone,Vodafone
BSNL,BSNL
Vodafone,Vodafone
Airtel,Airtel
Vodafone,Airtel
Vodafone,Airtel
Idea,Idea
Vodafone,Vodafone
RJio,RJio
RJio,RJio
Airtel,Airtel
RJio,RJio
Airtel,Airtel
RJio,RJio
RJio,RJio
RJio,RJio
RJio,RJio
Vodafone,Vodafone
RJio,RJio
Vodafone,Vodafone
MTNL,MTNL
MTNL,Vodafone
Vodafone,Vodafone
RJio,RJio
BSNL,BSNL
Airtel,Airtel
Idea,Idea
RJio,RJio
Airtel,Airtel
RJio,RJio
Airtel,Airtel
Idea,Idea
RJio,RJio
RJio,RJio
Airtel,Airtel
RJio,RJio
RJio,RJio
Vodafone,Vodafone
Vodafone,Vodafone
Airtel,Airtel
Idea,RJio
Idea,RJio
RJio,RJio
Airtel,Airtel
RJio,RJio
RJio,RJio
Vodafone,Vodafone
Idea,Idea
Idea,Idea
RJio,Vodafone
BSNL,BSNL
RJio,RJio
RJio,RJio
Airtel,Airtel
RJio,RJio
Airtel,Airtel
Airtel,Airtel
Airtel,Airtel
RJio,RJio
Vodafone,Vodafone
Airtel,Airtel
RJio,RJio
BSNL,BSNL
Airtel,Airtel
Vodafone,RJio
RJio,RJio
Idea,Idea
Vodafone,Vodafone
Airtel,Airtel
RJio,RJio
RJio,RJio
RJio,RJio
MTNL,MTNL
RJio,RJio
RJio,BSNL
Vodafone,Vodafone
RJio,RJio
RJio,RJio
RJio,RJio
Vodafone,Vodafone
RJio,Vodafone
Airtel,Airtel
RJio,Vodafone
Vodafone,Vodafone
Vodafone,Vodafone
RJio,RJio
Airtel,RJio
RJio,RJio
Airtel,Airtel
Airtel,Airtel
Vodafone,Idea
Vodafone,Vodafone
RJio,RJio
RJio,RJio
Vodafone,Vodafone
RJio,Airtel
RJio,RJio
RJio,RJio
Airtel,Airtel
Airtel,Airtel
RJio,RJio
Vodafone,Vodafone
BSNL,RJio
RJio,RJio
RJio,RJio
RJio,RJio
RJio,RJio
Idea,Idea
RJio,RJio
RJio,RJio
RJio,RJio
RJio,RJio
Idea,Idea
BSNL,BSNL
BSNL,Idea
Vodafone,Vodafone
MTNL,RJio
Airtel,Airtel
RJio,RJio
Airtel,Airtel
RJio,RJio
Airtel,RJio
RJio,RJio
Airtel,RJio
RJio,RJio
RJio,RJio
RJio,RJio
RJio,RJio
RJio,RJio
Airtel,Airtel
RJio,RJio
Vodafone,Vodafone
Airtel,Airtel
Idea,RJio
RJio,RJio
Airtel,RJio
Airtel,RJio
Airtel,Airtel
Idea,Idea
Vodafone,Vodafone
Idea,Idea
RJio,RJio
RJio,RJio
RJio,RJio
RJio,RJio
RJio,RJio
RJio,RJio
RJio,RJio
Vodafone,Vodafone
Vodafone,Vodafone
Idea,Idea
Airtel,Airtel
RJio,RJio
RJio,RJio
Vodafone,Vodafone
RJio,RJio
RJio,RJio
RJio,RJio
Idea,Idea
RJio,RJio
RJio,RJio
RJio,RJio
RJio,RJio
RJio,RJio
RJio,RJio
Airtel,Airtel
Airtel,Airtel
RJio,RJio
Idea,Idea
Vodafone,Vodafone
RJio,RJio
RJio,RJio
Airtel,Airtel
RJio,RJio
RJio,RJio
RJio,RJio
RJio,RJio
RJio,Airtel
BSNL,Idea
RJio,RJio
RJio,RJio
RJio,RJio
Vodafone,Vodafone
RJio,RJio
RJio,RJio
RJio,RJio
RJio,RJio
Airtel,Airtel
RJio,RJio
RJio,RJio
BSNL,Vodafone
BSNL,BSNL
Idea,Idea
RJio,RJio
RJio,RJio
Airtel,Airtel
RJio,RJio
BSNL,RJio
RJio,RJio
BSNL,Vodafone
RJio,RJio
RJio,RJio
Vodafone,Vodafone
RJio,RJio
RJio,RJio
RJio,RJio
Airtel,Airtel
Airtel,Airtel
Airtel,Airtel
RJio,RJio
Vodafone,Vodafone
Vodafone,Vodafone
Vodafone,Vodafone
Vodafone,Vodafone
Airtel,Airtel
BSNL,BSNL
RJio,RJio
RJio,RJio
Vodafone,Vodafone
Vodafone,Vodafone
RJio,RJio
RJio,RJio
RJio,RJio
RJio,Airtel
RJio,RJio
Idea,Idea
Vodafone,Vodafone
Idea,Idea
BSNL,Airtel
RJio,RJio
Vodafone,RJio
RJio,RJio
Vodafone,Vodafone
Airtel,Vodafone
BSNL,BSNL
RJio,RJio
RJio,RJio
Idea,Vodafone
RJio,RJio
RJio,RJio
RJio,RJio
Airtel,Airtel
Vodafone,Vodafone
Vodafone,Vodafone
Idea,Idea
Idea,Idea
Idea,Idea
Idea,Idea
Idea,Idea
Idea,Idea
Idea,Idea
Idea,Idea
RJio,RJio
Idea,Idea
Idea,Idea
Idea,Idea
Idea,Idea
Idea,Idea
Idea,Idea
RJio,RJio
RJio,RJio
Idea,Idea
Vodafone,Vodafone
Vodafone,Vodafone
Vodafone,Vodafone
Vodafone,Vodafone
Vodafone,Vodafone
Vodafone,Vodafone
Airtel,Airtel
Airtel,Airtel
Airtel,Airtel
RJio,RJio
RJio,RJio
RJio,RJio
RJio,RJio
RJio,RJio
RJio,RJio
RJio,RJio
RJio,RJio
RJio,RJio
RJio,RJio
RJio,RJio
Vodafone,Vodafone
Idea,RJio
Vodafone,Vodafone
BSNL,BSNL
Vodafone,Vodafone
RJio,RJio
RJio,RJio
RJio,MTNL
BSNL,RJio
Airtel,Airtel
Vodafone,Vodafone
RJio,RJio
RJio,RJio
Airtel,Airtel
BSNL,Airtel
BSNL,BSNL
RJio,RJio
RJio,RJio
Vodafone,Vodafone
Airtel,Airtel
RJio,RJio
Vodafone,Vodafone
Vodafone,Vodafone
RJio,RJio
RJio,RJio
RJio,RJio
Airtel,Airtel
Airtel,Airtel
Vodafone,Vodafone
Vodafone,Vodafone
Vodafone,Vodafone
RJio,RJio
Airtel,Airtel
Airtel,Airtel
Airtel,Airtel
Airtel,Airtel
Airtel,Airtel
Airtel,Airtel
RJio,RJio
RJio,RJio
RJio,RJio
Vodafone,Vodafone
RJio,RJio
RJio,RJio
RJio,RJio
RJio,RJio
RJio,RJio
BSNL,BSNL
RJio,RJio
RJio,RJio
RJio,RJio
RJio,RJio
RJio,RJio
Idea,Idea
Airtel,Airtel
RJio,RJio
RJio,RJio
Airtel,Airtel
BSNL,BSNL
RJio,RJio
RJio,RJio
RJio,RJio
Vodafone,Vodafone
Vodafone,Vodafone
Vodafone,Vodafone
Vodafone,Vodafone
RJio,RJio
RJio,RJio
BSNL,BSNL
RJio,RJio
RJio,RJio
RJio,RJio
RJio,RJio
RJio,RJio
RJio,RJio
Vodafone,Vodafone
RJio,RJio
RJio,RJio
RJio,RJio
RJio,RJio
RJio,RJio
Vodafone,Vodafone
RJio,RJio
RJio,RJio
RJio,RJio
BSNL,BSNL
Idea,Idea
Idea,Idea
RJio,RJio
RJio,RJio
RJio,RJio
Airtel,Vodafone
Vodafone,Vodafone
Airtel,Airtel
BSNL,BSNL
Airtel,Vodafone
Vodafone,Vodafone
RJio,RJio
RJio,RJio
RJio,RJio
RJio,RJio
RJio,RJio
MTNL,MTNL
Airtel,BSNL
RJio,Airtel
RJio,RJio
RJio,RJio
RJio,RJio
RJio,RJio
Airtel,Airtel
RJio,RJio
RJio,RJio
Vodafone,Vodafone
RJio,RJio
RJio,RJio
RJio,RJio
Airtel,Airtel
RJio,RJio
RJio,RJio
Airtel,Airtel
RJio,RJio
RJio,RJio
RJio,RJio
RJio,RJio
Vodafone,Vodafone
RJio,RJio
RJio,RJio
RJio,RJio
RJio,RJio
RJio,RJio
RJio,RJio
RJio,RJio
RJio,RJio
RJio,RJio
RJio,RJio
Airtel,Airtel
Vodafone,Vodafone
Vodafone,Vodafone
Vodafone,Airtel
RJio,RJio
RJio,RJio
Vodafone,Vodafone
RJio,RJio
Airtel,Airtel
RJio,RJio
Idea,Airtel
RJio,RJio
RJio,RJio
Vodafone,Idea
RJio,RJio
RJio,RJio
Vodafone,Vodafone
Vodafone,Vodafone
Vodafone,Vodafone
RJio,RJio
RJio,RJio
RJio,RJio
Airtel,RJio
Vodafone,Vodafone
RJio,RJio
Airtel,Vodafone
RJio,RJio
Airtel,Vodafone
RJio,RJio
RJio,RJio
BSNL,BSNL
RJio,RJio
RJio,Airtel
RJio,RJio
Airtel,Airtel
RJio,Airtel
RJio,RJio
Airtel,Airtel
RJio,RJio
BSNL,BSNL
BSNL,BSNL
BSNL,BSNL
BSNL,BSNL
RJio,RJio
RJio,RJio
RJio,RJio
Airtel,Airtel
BSNL,BSNL
BSNL,BSNL
BSNL,BSNL
Vodafone,Vodafone
RJio,RJio
RJio,RJio
RJio,RJio
RJio,RJio
Airtel,Airtel
RJio,RJio
Idea,Idea
BSNL,BSNL
Vodafone,Vodafone
RJio,RJio
RJio,Airtel
BSNL,Idea
Airtel,Airtel
Airtel,Airtel
Airtel,Vodafone
Airtel,Airtel
Vodafone,Vodafone
Vodafone,Vodafone
Vodafone,Vodafone
Vodafone,Vodafone
RJio,RJio
BSNL,BSNL
RJio,RJio
RJio,RJio
RJio,RJio
RJio,RJio
Airtel,Airtel
RJio,RJio
Idea,Idea
RJio,RJio
Idea,Idea
Idea,RJio
Airtel,Airtel
RJio,RJio
RJio,RJio
RJio,RJio
RJio,RJio
RJio,RJio
RJio,RJio
Airtel,Airtel
Airtel,Airtel
BSNL,BSNL
Vodafone,Vodafone
Airtel,Airtel
Airtel,Airtel
Idea,Idea
RJio,RJio
Idea,Idea
Idea,RJio
Airtel,Vodafone
Vodafone,Vodafone
Idea,Idea
RJio,RJio
RJio,RJio
Idea,Vodafone
RJio,Airtel
Airtel,Airtel
RJio,RJio
RJio,RJio
RJio,RJio
RJio,RJio
RJio,RJio
BSNL,BSNL
Idea,Idea
Idea,Idea
RJio,RJio
Airtel,Airtel
Vodafone,Vodafone
RJio,RJio
RJio,RJio
RJio,RJio
RJio,RJio
BSNL,BSNL
Vodafone,RJio
Airtel,Airtel
Airtel,Airtel
Airtel,Airtel
Vodafone,Vodafone
RJio,RJio
Airtel,Airtel
Airtel,Airtel
Airtel,Airtel
RJio,RJio
Vodafone,Vodafone
Vodafone,Vodafone
Vodafone,Vodafone
RJio,RJio
Idea,Idea
RJio,RJio
Vodafone,Vodafone
Airtel,RJio
RJio,RJio
RJio,RJio
RJio,RJio
RJio,RJio
RJio,RJio
Vodafone,Vodafone
RJio,RJio
RJio,RJio
Airtel,Airtel
RJio,RJio
RJio,RJio
BSNL,BSNL
RJio,RJio
RJio,RJio
RJio,RJio
BSNL,BSNL
RJio,Airtel
RJio,RJio
RJio,RJio
Vodafone,Vodafone
Airtel,Airtel
RJio,RJio
BSNL,BSNL
BSNL,RJio
Vodafone,Airtel
Vodafone,RJio
Airtel,Airtel
Airtel,RJio
BSNL,BSNL
BSNL,BSNL
Airtel,Airtel
BSNL,Vodafone
Vodafone,Vodafone
Vodafone,Vodafone
RJio,RJio
Vodafone,Airtel
Vodafone,Vodafone
RJio,Idea
RJio,Idea
RJio,RJio
RJio,RJio
RJio,RJio
RJio,RJio
Airtel,BSNL
RJio,RJio
Airtel,Airtel
RJio,RJio
RJio,RJio
RJio,RJio
RJio,Vodafone
BSNL,BSNL
RJio,Airtel
Airtel,Airtel
BSNL,Airtel
Airtel,Airtel
RJio,RJio
RJio,RJio
RJio,RJio
RJio,RJio
Vodafone,Vodafone
RJio,RJio
RJio,RJio
RJio,RJio
RJio,RJio
Airtel,Airtel
RJio,RJio
RJio,RJio
RJio,RJio
RJio,Tata
Vodafone,Vodafone
Vodafone,Vodafone
RJio,RJio
Vodafone,Vodafone
Airtel,Airtel
RJio,RJio
RJio,RJio
RJio,RJio
Airtel,Airtel
RJio,Airtel
RJio,RJio
RJio,RJio
RJio,RJio
Vodafone,Vodafone
Vodafone,Vodafone
Airtel,Airtel
Vodafone,Vodafone
RJio,RJio
Airtel,RJio
Airtel,Airtel
RJio,RJio
RJio,RJio
RJio,RJio
Idea,Idea
RJio,RJio
RJio,RJio
Vodafone,Vodafone
RJio,Idea
RJio,Airtel
RJio,Idea
RJio,RJio
RJio,Airtel
Airtel,Airtel
Airtel,Airtel
BSNL,BSNL
RJio,RJio
Vodafone,Vodafone
Vodafone,Vodafone
Vodafone,Vodafone
Vodafone,Vodafone
Vodafone,Vodafone
RJio,RJio
BSNL,BSNL
BSNL,BSNL
Vodafone,Vodafone
BSNL,BSNL
Airtel,Airtel
Airtel,Airtel
Airtel,Airtel
Airtel,Airtel
Airtel,Airtel
RJio,RJio
RJio,RJio
RJio,RJio
RJio,RJio
RJio,RJio
Vodafone,Vodafone
RJio,RJio
RJio,RJio
RJio,RJio
RJio,RJio
RJio,RJio
RJio,RJio
RJio,RJio
RJio,RJio
RJio,Idea
RJio,RJio
Vodafone,Vodafone
RJio,RJio
RJio,RJio
RJio,RJio
Vodafone,Vodafone
RJio,BSNL
RJio,RJio
RJio,RJio
Vodafone,Vodafone
Vodafone,Vodafone
RJio,RJio
RJio,RJio
RJio,RJio
RJio,RJio
RJio,RJio
RJio,RJio
RJio,RJio
RJio,RJio
RJio,RJio
Airtel,Airtel
Vodafone,Vodafone
RJio,RJio
RJio,RJio
RJio,RJio
Idea,Idea
Idea,Idea
Idea,Idea
RJio,Airtel
RJio,RJio
RJio,RJio
Airtel,Idea
RJio,RJio
RJio,Vodafone
RJio,RJio
RJio,BSNL
Vodafone,Vodafone
Airtel,RJio
Airtel,Airtel
Vodafone,Vodafone
Vodafone,Vodafone
Vodafone,RJio
Vodafone,Vodafone
RJio,RJio
BSNL,BSNL
Idea,Idea
RJio,RJio
Airtel,Airtel
BSNL,BSNL
RJio,RJio
Airtel,Airtel
BSNL,RJio
Airtel,Airtel
RJio,RJio
BSNL,RJio
Vodafone,Vodafone
Airtel,Vodafone
Vodafone,RJio
Airtel,Airtel
RJio,RJio
RJio,RJio
Vodafone,Vodafone
RJio,RJio
RJio,RJio
RJio,RJio
BSNL,BSNL
RJio,RJio
RJio,RJio
Vodafone,Vodafone
RJio,RJio
RJio,RJio
RJio,RJio
RJio,RJio
RJio,RJio
Airtel,Airtel
RJio,RJio
RJio,RJio
RJio,RJio
Vodafone,Vodafone
Idea,RJio
Vodafone,Vodafone
BSNL,BSNL
RJio,RJio
Airtel,Airtel
RJio,RJio
RJio,RJio
Idea,Idea
Vodafone,Vodafone
RJio,RJio
RJio,RJio
Airtel,BSNL
Idea,Idea
RJio,RJio
Other,Other
RJio,RJio
RJio,RJio
RJio,RJio
Idea,Idea
RJio,RJio
RJio,RJio
RJio,RJio
Vodafone,Vodafone
Vodafone,Airtel
Airtel,Airtel
Airtel,Airtel
Vodafone,Vodafone
Airtel,Airtel
Vodafone,Vodafone
RJio,RJio
Vodafone,Vodafone
Vodafone,Vodafone
Vodafone,Vodafone
BSNL,BSNL
Idea,Vodafone
Vodafone,Vodafone
RJio,Airtel
Vodafone,Airtel
Airtel,Airtel
Airtel,Airtel
Airtel,Airtel
Airtel,Airtel
BSNL,BSNL
Vodafone,RJio
RJio,RJio
RJio,RJio
Vodafone,Vodafone
RJio,Airtel
RJio,RJio
RJio,RJio
Idea,Idea
Vodafone,Vodafone
RJio,RJio
Vodafone,Vodafone
Vodafone,Vodafone
Vodafone,Vodafone
BSNL,BSNL
RJio,RJio
RJio,RJio
RJio,RJio
RJio,RJio
RJio,RJio
Airtel,Airtel
Airtel,Airtel
RJio,RJio
Airtel,Airtel
Airtel,Airtel
Airtel,Airtel
Idea,Idea
Airtel,Airtel
Airtel,Airtel
Airtel,Airtel
Airtel,Airtel
Airtel,Airtel
BSNL,BSNL
RJio,RJio
RJio,RJio
RJio,RJio
RJio,RJio
Airtel,Airtel
Vodafone,Vodafone
Vodafone,Vodafone
RJio,RJio
BSNL,BSNL
Vodafone,Airtel
RJio,RJio
Idea,Idea
Airtel,Airtel
RJio,Airtel
Airtel,Airtel
Idea,Idea
Airtel,Airtel
RJio,RJio
RJio,RJio
BSNL,BSNL
Airtel,Airtel
Airtel,RJio
RJio,RJio
RJio,RJio
RJio,RJio
Vodafone,Vodafone
RJio,RJio
Airtel,Airtel
RJio,RJio
Vodafone,Vodafone
Vodafone,Vodafone
Idea,Idea
RJio,Vodafone
Airtel,Airtel
RJio,RJio
Airtel,Airtel
RJio,RJio
Idea,Vodafone
RJio,RJio
Airtel,Airtel
RJio,RJio
Airtel,Airtel
RJio,RJio
RJio,RJio
RJio,RJio
RJio,RJio
RJio,RJio
Airtel,Airtel
Airtel,Airtel
RJio,RJio
RJio,RJio
Vodafone,Vodafone
RJio,RJio
Vodafone,Vodafone
RJio,RJio
Airtel,Airtel
Vodafone,Vodafone
RJio,RJio
RJio,RJio
RJio,RJio
RJio,RJio
RJio,RJio
RJio,RJio
Idea,Idea
Idea,Idea
Airtel,Airtel
RJio,RJio
Vodafone,Vodafone
Airtel,Airtel
RJio,RJio
RJio,RJio
RJio,RJio
RJio,RJio
RJio,RJio
BSNL,BSNL
BSNL,BSNL
Airtel,Idea
Vodafone,Airtel
RJio,RJio
RJio,RJio
MTNL,MTNL
Idea,Idea
Vodafone,Vodafone
RJio,RJio
RJio,RJio
Vodafone,Vodafone
Vodafone,Vodafone
Vodafone,Vodafone
RJio,RJio
RJio,RJio
Vodafone,Vodafone
Vodafone,Vodafone
Airtel,Airtel
RJio,RJio
RJio,RJio
BSNL,BSNL
RJio,Airtel
Idea,Idea
RJio,RJio
RJio,RJio
RJio,RJio
RJio,RJio
RJio,RJio
RJio,RJio
Vodafone,Vodafone
Airtel,Airtel
BSNL,BSNL
Vodafone,Vodafone
Airtel,Idea
RJio,RJio
RJio,RJio
RJio,RJio
RJio,RJio
Idea,Idea
Airtel,Airtel
Airtel,Airtel
Airtel,BSNL
Airtel,Airtel
RJio,RJio
RJio,RJio
RJio,RJio
RJio,RJio
Vodafone,Vodafone
BSNL,BSNL
RJio,RJio
RJio,RJio
Vodafone,Idea
RJio,RJio
Vodafone,Idea
RJio,RJio
Airtel,Idea
BSNL,BSNL
Vodafone,Vodafone
Vodafone,Vodafone
Vodafone,Vodafone
Vodafone,Vodafone
RJio,RJio
RJio,RJio
RJio,RJio
Airtel,Airtel
RJio,RJio
Vodafone,Vodafone
Airtel,Airtel
Airtel,Airtel
RJio,RJio
Airtel,Airtel
RJio,RJio
Vodafone,Vodafone
RJio,RJio
Vodafone,Vodafone
RJio,RJio
Airtel,Airtel
RJio,RJio
RJio,Idea
Idea,Idea
Vodafone,Vodafone
RJio,RJio
RJio,RJio
Vodafone,Vodafone
Vodafone,Vodafone
Airtel,Airtel
RJio,RJio
Airtel,Airtel
RJio,RJio
RJio,RJio
Airtel,Airtel
RJio,RJio
RJio,RJio
RJio,RJio
RJio,RJio
Idea,Idea
RJio,RJio
RJio,RJio
RJio,RJio
Airtel,Airtel
Idea,Idea
RJio,RJio
Idea,Idea
Vodafone,Vodafone
Vodafone,Vodafone
RJio,RJio
RJio,RJio
Vodafone,Vodafone
RJio,RJio
RJio,RJio
RJio,RJio
RJio,RJio
RJio,RJio
RJio,RJio
RJio,RJio
RJio,RJio
Airtel,Airtel
RJio,RJio
Airtel,Airtel
RJio,RJio
RJio,RJio
RJio,RJio
RJio,RJio
Idea,Vodafone
RJio,RJio
RJio,RJio
RJio,RJio
RJio,RJio
RJio,RJio
Idea,BSNL
Idea,Idea
Idea,Idea
Idea,Idea
RJio,Vodafone
BSNL,BSNL
Telenor,Airtel
Telenor,Telenor
Vodafone,RJio
Idea,Idea
RJio,RJio
Vodafone,Vodafone
BSNL,BSNL
RJio,RJio
RJio,RJio
Idea,Vodafone
RJio,RJio
Vodafone,Vodafone
Vodafone,Vodafone
Vodafone,Vodafone
Vodafone,Vodafone
Vodafone,Vodafone
Vodafone,Vodafone
Airtel,Airtel
Vodafone,Vodafone
RJio,RJio
BSNL,BSNL
RJio,RJio
Airtel,Airtel
BSNL,BSNL
RJio,RJio
RJio,RJio
BSNL,BSNL
Airtel,Airtel
RJio,RJio
RJio,RJio
RJio,RJio
RJio,Airtel
RJio,RJio
Airtel,Airtel
RJio,RJio
RJio,RJio
Airtel,Airtel
Vodafone,Vodafone
RJio,RJio
RJio,RJio
RJio,RJio
BSNL,BSNL
Airtel,Airtel
Vodafone,Vodafone
Vodafone,Vodafone
Airtel,Airtel
RJio,RJio
RJio,RJio
Idea,Idea
RJio,RJio
Airtel,Airtel
RJio,RJio
BSNL,BSNL
RJio,RJio
RJio,RJio
Airtel,Airtel
RJio,RJio
Airtel,Airtel
RJio,RJio
RJio,RJio
RJio,RJio
RJio,RJio
RJio,RJio
RJio,RJio
RJio,Vodafone
RJio,RJio
RJio,RJio
RJio,RJio
RJio,RJio
BSNL,Airtel
Vodafone,Vodafone
RJio,RJio
RJio,RJio
RJio,RJio
RJio,Other
RJio,RJio
RJio,RJio
RJio,Idea
RJio,RJio
RJio,RJio
RJio,RJio
Airtel,Airtel
RJio,RJio
RJio,RJio
Vodafone,Vodafone
RJio,RJio
RJio,RJio
RJio,RJio
BSNL,BSNL
RJio,RJio
RJio,RJio
RJio,RJio
Vodafone,Vodafone
RJio,RJio
Idea,Idea
Airtel,Airtel
Airtel,Airtel
BSNL,BSNL
BSNL,BSNL
Vodafone,Vodafone
Airtel,Airtel
Airtel,RJio
Airtel,Airtel
RJio,RJio
Idea,Idea
Airtel,Airtel
Idea,Idea
BSNL,BSNL
Idea,Idea
RJio,RJio
RJio,RJio
RJio,RJio
RJio,Vodafone
RJio,RJio
RJio,RJio
Vodafone,Vodafone
Airtel,Airtel
RJio,RJio
RJio,RJio
BSNL,BSNL
RJio,Vodafone
RJio,Airtel
Vodafone,Vodafone
RJio,RJio
Airtel,Vodafone
RJio,RJio
Vodafone,Vodafone
Airtel,Vodafone
RJio,RJio
RJio,RJio
Idea,Idea
Airtel,Airtel
Airtel,Airtel
RJio,RJio
Idea,Idea
Idea,Idea
RJio,RJio
RJio,RJio
RJio,RJio
RJio,RJio
RJio,RJio
Airtel,RJio
RJio,RJio
Vodafone,Vodafone
BSNL,BSNL
BSNL,BSNL
Vodafone,RJio
RJio,Vodafone
Vodafone,Vodafone
Idea,Vodafone
RJio,RJio
Airtel,Airtel
BSNL,BSNL
Airtel,Airtel
Airtel,Airtel
Airtel,Airtel
Airtel,Airtel
Airtel,Airtel
Airtel,Airtel
Airtel,Airtel
Airtel,Airtel
Airtel,Airtel
Airtel,Airtel
BSNL,BSNL
RJio,RJio
RJio,RJio
RJio,RJio
RJio,RJio
RJio,RJio
RJio,RJio
RJio,RJio
Idea,Vodafone
Vodafone,Airtel
RJio,RJio
Airtel,Airtel
Idea,Airtel
Idea,Idea
RJio,RJio
RJio,RJio
RJio,RJio
Vodafone,Vodafone
RJio,RJio
RJio,RJio
Vodafone,Vodafone
RJio,RJio
RJio,RJio
RJio,RJio
RJio,RJio
Vodafone,Vodafone
Airtel,Airtel
Airtel,Airtel
BSNL,BSNL
RJio,RJio
RJio,RJio
RJio,RJio
Airtel,Airtel
Airtel,Airtel
Airtel,Airtel
RJio,RJio
Idea,Airtel
Airtel,Airtel
RJio,RJio
RJio,RJio
BSNL,Vodafone
Airtel,Airtel
Idea,Idea
RJio,RJio
Airtel,Airtel
RJio,RJio
RJio,RJio
RJio,RJio
Idea,Idea
RJio,RJio
Idea,Airtel
Idea,RJio
RJio,RJio
RJio,RJio
RJio,RJio
Airtel,Airtel
RJio,RJio
RJio,RJio
RJio,RJio
RJio,RJio
RJio,RJio
Vodafone,Vodafone
RJio,RJio
RJio,RJio
RJio,RJio
RJio,RJio
Idea,Idea
Airtel,Airtel
Airtel,Airtel
Airtel,Airtel
Airtel,Airtel
Airtel,Airtel
Airtel,Airtel
Airtel,Airtel
Airtel,Airtel
Airtel,Airtel
Airtel,Airtel
Airtel,Airtel
Airtel,Airtel
RJio,RJio
RJio,RJio
RJio,RJio
Vodafone,Vodafone
Idea,Idea
Airtel,Airtel
RJio,RJio
Airtel,Idea
RJio,RJio
Airtel,Airtel
Idea,RJio
Airtel,Airtel
Airtel,Airtel
RJio,RJio
Idea,RJio
Airtel,Airtel
RJio,RJio
RJio,RJio
RJio,RJio
Airtel,Other
Airtel,Airtel
BSNL,BSNL
Airtel,Airtel
RJio,RJio
RJio,RJio
BSNL,BSNL
RJio,RJio
RJio,RJio
RJio,RJio
Vodafone,Vodafone
RJio,RJio
RJio,RJio
RJio,RJio
RJio,RJio
Airtel,Airtel
RJio,RJio
RJio,RJio
BSNL,Airtel
Airtel,Airtel
RJio,RJio
RJio,RJio
RJio,RJio
Vodafone,Vodafone
RJio,RJio
RJio,RJio
Idea,Vodafone
Airtel,Airtel
RJio,RJio
Airtel,Airtel
Airtel,Airtel
BSNL,BSNL
Vodafone,Vodafone
RJio,RJio
Vodafone,Vodafone
RJio,RJio
Vodafone,Vodafone
Vodafone,Vodafone
RJio,RJio
Vodafone,Vodafone
RJio,RJio
Airtel,Airtel
RJio,RJio
Idea,Idea
Idea,Idea
Idea,RJio
Idea,Idea
Vodafone,Vodafone
Airtel,Airtel
Vodafone,Vodafone
RJio,RJio
Idea,Idea
Vodafone,Vodafone
RJio,RJio
RJio,RJio
RJio,RJio
Idea,Idea
RJio,RJio
RJio,RJio
RJio,RJio
RJio,RJio
BSNL,Idea
RJio,RJio
RJio,RJio
RJio,RJio
Vodafone,Vodafone
Vodafone,Vodafone
Vodafone,Vodafone
Vodafone,Vodafone
Vodafone,Vodafone
RJio,RJio
RJio,RJio
RJio,RJio
RJio,RJio
RJio,RJio
RJio,RJio
RJio,RJio
RJio,RJio
RJio,RJio
RJio,RJio
Vodafone,RJio
Airtel,RJio
RJio,RJio
RJio,RJio
Vodafone,Vodafone
RJio,RJio
Airtel,Airtel
Airtel,Airtel
Airtel,Airtel
RJio,RJio
RJio,RJio
Vodafone,Vodafone
RJio,RJio
RJio,RJio
RJio,RJio
Vodafone,Vodafone
RJio,RJio
Idea,Idea
Airtel,Airtel
RJio,RJio
Airtel,Airtel
Airtel,Idea
RJio,RJio
RJio,RJio
BSNL,BSNL
RJio,RJio
Idea,RJio
RJio,RJio
Idea,Idea
RJio,RJio
RJio,RJio
Vodafone,Vodafone
RJio,RJio
RJio,RJio
RJio,RJio
RJio,RJio
RJio,RJio
Airtel,Airtel
Airtel,Airtel
Airtel,Airtel
Airtel,Airtel
Airtel,Airtel
Airtel,Airtel
Airtel,Airtel
Airtel,Idea
Airtel,Airtel
Airtel,Airtel
Airtel,Airtel
Airtel,Airtel
Airtel,Airtel
Airtel,Airtel
Airtel,Airtel
Airtel,Airtel
Airtel,RJio
Airtel,Airtel
Airtel,Airtel
Vodafone,Vodafone
Airtel,Airtel
Airtel,Airtel
Vodafone,Vodafone
Vodafone,RJio
BSNL,BSNL
Airtel,Airtel
RJio,RJio
RJio,RJio
Airtel,Airtel
Airtel,Airtel
Idea,Idea
RJio,RJio
RJio,RJio
RJio,RJio
Idea,Idea
Airtel,Airtel
RJio,RJio
Airtel,Airtel
RJio,RJio
RJio,RJio
RJio,RJio
RJio,RJio
RJio,RJio
RJio,RJio
RJio,RJio
RJio,RJio
RJio,RJio
Vodafone,Vodafone
RJio,RJio
RJio,RJio
RJio,RJio
RJio,RJio
Airtel,Airtel
RJio,RJio
Idea,Idea
Vodafone,Vodafone
RJio,RJio
Airtel,Airtel
RJio,RJio
RJio,RJio
Airtel,Airtel
RJio,RJio
RJio,RJio
Vodafone,Vodafone
Vodafone,Vodafone
RJio,RJio
Vodafone,Vodafone
Vodafone,Vodafone
Vodafone,Vodafone
Airtel,Airtel
Vodafone,Vodafone
BSNL,BSNL
RJio,RJio
RJio,RJio
RJio,RJio
RJio,RJio
BSNL,BSNL
Airtel,Airtel
RJio,RJio
BSNL,BSNL
BSNL,BSNL
BSNL,BSNL
Idea,Idea
RJio,RJio
RJio,RJio
Vodafone,Vodafone
RJio,RJio
RJio,RJio
RJio,RJio
RJio,Vodafone
RJio,RJio
RJio,RJio
RJio,RJio
RJio,RJio
Airtel,Airtel
RJio,RJio
Airtel,Airtel
RJio,RJio
Airtel,Airtel
Vodafone,RJio
Vodafone,Vodafone
RJio,RJio
Airtel,Airtel
RJio,RJio
RJio,RJio
Vodafone,Airtel
RJio,RJio
Airtel,RJio
Vodafone,Vodafone
RJio,Vodafone
RJio,RJio
RJio,RJio
RJio,RJio
RJio,RJio
RJio,BSNL
RJio,RJio
Airtel,RJio
RJio,RJio
Airtel,Airtel
Vodafone,Vodafone
RJio,RJio
Idea,Idea
Airtel,Airtel
RJio,RJio
Vodafone,Vodafone
RJio,RJio
Airtel,Airtel
BSNL,BSNL
Idea,Idea
Idea,Idea
Idea,Idea
Idea,Idea
BSNL,Idea
Airtel,Airtel
Idea,Idea
RJio,RJio
Airtel,Airtel
Airtel,Airtel
RJio,RJio
Vodafone,Vodafone
Airtel,Airtel
RJio,RJio
RJio,RJio
BSNL,BSNL
RJio,RJio
RJio,RJio
Vodafone,Vodafone
RJio,RJio
Vodafone,Vodafone
Airtel,Airtel
RJio,RJio
Airtel,RJio
Airtel,Airtel
Airtel,Airtel
RJio,RJio
Idea,Idea
Idea,Vodafone
Vodafone,Vodafone
RJio,RJio
RJio,RJio
RJio,RJio
Vodafone,Vodafone
BSNL,BSNL
Idea,Idea
Vodafone,Vodafone
RJio,RJio
RJio,RJio
Vodafone,Idea
Vodafone,Vodafone
Vodafone,Airtel
Idea,RJio
RJio,RJio
BSNL,Idea
Idea,Airtel
Airtel,Airtel
BSNL,BSNL
RJio,RJio
RJio,RJio
RJio,RJio
RJio,RJio
RJio,RJio
RJio,RJio
RJio,Vodafone
RJio,RJio
Vodafone,Vodafone
RJio,RJio
RJio,RJio
RJio,RJio
RJio,RJio
RJio,RJio
Vodafone,Vodafone
Vodafone,Vodafone
RJio,RJio
Vodafone,Vodafone
Vodafone,Vodafone
RJio,RJio
RJio,RJio
RJio,RJio
RJio,RJio
Vodafone,RJio
Vodafone,Vodafone
Vodafone,Vodafone
Vodafone,Vodafone
RJio,RJio
RJio,RJio
RJio,RJio
RJio,RJio
RJio,RJio
RJio,RJio
Airtel,Airtel
RJio,Idea
RJio,RJio
RJio,RJio
RJio,RJio
RJio,RJio
RJio,RJio
RJio,RJio
Airtel,Airtel
Vodafone,Vodafone
Vodafone,Vodafone
Vodafone,Vodafone
Airtel,Vodafone
Idea,Idea
RJio,RJio
RJio,RJio
RJio,RJio
Airtel,Airtel
RJio,RJio
RJio,RJio
RJio,RJio
RJio,RJio
RJio,RJio
RJio,RJio
RJio,RJio
Vodafone,RJio
RJio,RJio
Idea,Vodafone
RJio,RJio
RJio,RJio
Airtel,BSNL
Idea,Airtel
RJio,RJio
RJio,RJio
RJio,RJio
RJio,RJio
RJio,RJio
RJio,RJio
Idea,Vodafone
Airtel,Airtel
Airtel,Airtel
RJio,RJio
RJio,RJio
RJio,RJio
RJio,RJio
Airtel,Airtel
Vodafone,Vodafone
RJio,RJio
RJio,RJio
RJio,RJio
RJio,RJio
RJio,RJio
RJio,RJio
Airtel,Airtel
BSNL,BSNL
BSNL,BSNL
BSNL,BSNL
Airtel,Airtel
Vodafone,Vodafone
Vodafone,Vodafone
Vodafone,Vodafone
RJio,RJio
Vodafone,Airtel
Airtel,Airtel
RJio,RJio
RJio,RJio
Vodafone,Vodafone
Vodafone,Vodafone
Vodafone,Vodafone
Vodafone,Vodafone
Vodafone,Vodafone
RJio,RJio
RJio,RJio
RJio,RJio
Vodafone,Vodafone
Airtel,Airtel
RJio,RJio
Vodafone,Vodafone
RJio,RJio
Vodafone,Vodafone
Idea,Vodafone
RJio,RJio
RJio,RJio
RJio,RJio
RJio,RJio
RJio,RJio
Vodafone,Vodafone
RJio,Airtel
RJio,RJio
RJio,RJio
RJio,RJio
Vodafone,Vodafone
Idea,BSNL
RJio,RJio
RJio,RJio
RJio,RJio
RJio,RJio
Idea,Idea
Vodafone,Vodafone
RJio,RJio
Vodafone,Vodafone
RJio,Airtel
RJio,RJio
Idea,Idea
Idea,Idea
Airtel,Airtel
RJio,RJio
Airtel,Airtel
BSNL,BSNL
Vodafone,Vodafone
Airtel,Airtel
Airtel,Airtel
RJio,RJio
Vodafone,Vodafone
Vodafone,Vodafone
Vodafone,Vodafone
Vodafone,Vodafone
Vodafone,Vodafone
Vodafone,Vodafone
Vodafone,Vodafone
Vodafone,Vodafone
RJio,RJio
Idea,Vodafone
Vodafone,RJio
Vodafone,Vodafone
RJio,RJio
RJio,RJio
RJio,RJio
Idea,Vodafone
RJio,RJio
BSNL,BSNL
RJio,RJio
Vodafone,Vodafone
Airtel,RJio
RJio,RJio
RJio,RJio
Airtel,Airtel
Airtel,Airtel
RJio,RJio
Airtel,Airtel
Airtel,Idea
Airtel,Airtel
RJio,RJio
Vodafone,Vodafone
Idea,Idea
RJio,RJio
RJio,RJio
RJio,RJio
Airtel,Airtel
Airtel,Airtel
Vodafone,Vodafone
Airtel,Airtel
RJio,RJio
Airtel,Vodafone
Airtel,Airtel
Vodafone,Vodafone
RJio,RJio
RJio,RJio
Airtel,Airtel
RJio,RJio
Vodafone,Airtel
RJio,RJio
RJio,RJio
RJio,RJio
Airtel,Airtel
Vodafone,Vodafone
Airtel,Airtel
Airtel,Airtel
Vodafone,Airtel
Airtel,Airtel
RJio,RJio
BSNL,BSNL
Idea,RJio
Vodafone,Vodafone
RJio,RJio
RJio,RJio
RJio,RJio
Airtel,Airtel
RJio,RJio
RJio,RJio
RJio,RJio
RJio,RJio
RJio,RJio
Airtel,Airtel
RJio,RJio
Vodafone,Vodafone
RJio,RJio
RJio,RJio
Airtel,Airtel
RJio,RJio
RJio,RJio
RJio,RJio
Airtel,Airtel
RJio,RJio
RJio,RJio
Telenor,Airtel
RJio,RJio
RJio,RJio
RJio,RJio
BSNL,BSNL
Vodafone,Vodafone
RJio,RJio
Idea,Airtel
BSNL,BSNL
BSNL,BSNL
BSNL,BSNL
RJio,RJio
BSNL,BSNL
Idea,Vodafone
Airtel,Airtel
RJio,RJio
RJio,RJio
Airtel,Airtel
Airtel,Airtel
RJio,RJio
Airtel,Airtel
RJio,RJio
RJio,RJio
Vodafone,Vodafone
Vodafone,Vodafone
Vodafone,Vodafone
Vodafone,Vodafone
Vodafone,Vodafone
Vodafone,RJio
Vodafone,Vodafone
Vodafone,RJio
Vodafone,Vodafone
Vodafone,Vodafone
Vodafone,Vodafone
Vodafone,Vodafone
RJio,RJio
Vodafone,Vodafone
RJio,RJio
Idea,Idea
RJio,RJio
Vodafone,Vodafone
Idea,Idea
Idea,Idea
RJio,RJio
RJio,RJio
RJio,RJio
Idea,Idea
RJio,RJio
Vodafone,RJio
RJio,RJio
RJio,RJio
RJio,RJio
Vodafone,Vodafone
RJio,RJio
Vodafone,Idea
Airtel,Airtel
Vodafone,RJio
RJio,RJio
Vodafone,Vodafone
RJio,RJio
Vodafone,Vodafone
Vodafone,RJio
Vodafone,Vodafone
RJio,RJio
RJio,RJio
RJio,RJio
RJio,Vodafone
RJio,RJio
RJio,RJio
BSNL,BSNL
RJio,RJio
Vodafone,Vodafone
Airtel,Airtel
RJio,RJio
BSNL,BSNL
BSNL,BSNL
RJio,RJio
RJio,RJio
RJio,RJio
RJio,RJio
RJio,RJio
Vodafone,Vodafone
Vodafone,Airtel
Vodafone,Vodafone
Vodafone,Vodafone
Vodafone,Vodafone
Vodafone,Idea
RJio,RJio
Vodafone,Airtel
Idea,RJio
BSNL,BSNL
Airtel,Vodafone
Vodafone,Vodafone
Airtel,RJio
BSNL,BSNL
Airtel,Airtel
Airtel,Vodafone
RJio,RJio
Idea,Idea
Airtel,Airtel
RJio,RJio
Airtel,RJio
RJio,RJio
RJio,RJio
RJio,RJio
Airtel,Airtel
RJio,RJio
Idea,Idea
Airtel,Airtel
RJio,RJio
RJio,RJio
RJio,RJio
RJio,RJio
Airtel,Airtel
Airtel,Airtel
RJio,RJio
RJio,RJio
RJio,RJio
Vodafone,Vodafone
BSNL,BSNL
RJio,RJio
RJio,BSNL
Idea,Idea
RJio,RJio
RJio,Vodafone
RJio,RJio
Airtel,Airtel
Vodafone,Vodafone
RJio,RJio
RJio,RJio
BSNL,BSNL
RJio,RJio
RJio,RJio
RJio,RJio
BSNL,BSNL
RJio,RJio
RJio,RJio
RJio,RJio
RJio,RJio
Vodafone,Vodafone
Vodafone,Idea
RJio,RJio
RJio,RJio
BSNL,BSNL
Vodafone,Vodafone
RJio,RJio
Vodafone,Vodafone
Vodafone,Vodafone
Vodafone,Vodafone
Vodafone,Vodafone
RJio,RJio
RJio,RJio
RJio,RJio
Airtel,Airtel
Vodafone,Vodafone
Vodafone,Vodafone
RJio,RJio
BSNL,BSNL
BSNL,BSNL
Vodafone,Vodafone
RJio,RJio
Idea,RJio
Vodafone,RJio
Airtel,Airtel
RJio,RJio
RJio,RJio
RJio,RJio
RJio,RJio
RJio,RJio
Airtel,Airtel
RJio,RJio
Airtel,Airtel
RJio,RJio
Airtel,Airtel
RJio,RJio
RJio,RJio
RJio,RJio
RJio,RJio
RJio,RJio
RJio,RJio
Airtel,Airtel
RJio,RJio
RJio,RJio
RJio,RJio
RJio,RJio
RJio,Idea
RJio,RJio
Vodafone,Vodafone
RJio,RJio
RJio,RJio
Airtel,Airtel
RJio,RJio
RJio,RJio
Vodafone,Vodafone
Airtel,RJio
RJio,RJio
BSNL,BSNL
RJio,RJio
Airtel,Airtel
Airtel,Airtel
RJio,Airtel
Vodafone,Vodafone
Airtel,RJio
Airtel,Idea
Vodafone,Vodafone
RJio,RJio
RJio,RJio
RJio,RJio
RJio,RJio
RJio,RJio
RJio,RJio
RJio,RJio
RJio,RJio
RJio,RJio
Vodafone,Vodafone
RJio,RJio
Vodafone,Vodafone
RJio,RJio
BSNL,Airtel
BSNL,Airtel
RJio,RJio
RJio,RJio
Idea,Idea
Airtel,Airtel
BSNL,BSNL
RJio,RJio
Vodafone,Vodafone
Vodafone,Vodafone
RJio,RJio
RJio,RJio
Airtel,Airtel
RJio,RJio
BSNL,BSNL
BSNL,BSNL
BSNL,BSNL
BSNL,BSNL
BSNL,BSNL
BSNL,BSNL
BSNL,BSNL
BSNL,BSNL
BSNL,BSNL
BSNL,BSNL
BSNL,BSNL
BSNL,BSNL
BSNL,BSNL
BSNL,BSNL
RJio,RJio
RJio,RJio
Airtel,Airtel
RJio,RJio
RJio,RJio
Vodafone,Vodafone
RJio,RJio
Idea,RJio
RJio,RJio
RJio,RJio
Idea,Idea
Idea,Idea
Airtel,RJio
Vodafone,Airtel
RJio,Vodafone
RJio,RJio
Idea,RJio
Vodafone,Vodafone
Vodafone,Vodafone
Idea,Idea
RJio,RJio
BSNL,RJio
RJio,RJio
RJio,RJio
Vodafone,Vodafone
Vodafone,Vodafone
RJio,RJio
Vodafone,Vodafone
Vodafone,Vodafone
RJio,RJio
RJio,RJio
Vodafone,Vodafone
Airtel,Airtel
Airtel,Airtel
Airtel,MTNL
RJio,RJio
Airtel,Airtel
RJio,RJio
Airtel,Airtel
RJio,RJio
Idea,RJio
Vodafone,Vodafone
Vodafone,Vodafone
RJio,RJio
RJio,RJio
Airtel,Airtel
BSNL,BSNL
RJio,RJio
Airtel,Airtel
RJio,RJio
RJio,RJio
RJio,RJio
RJio,RJio
BSNL,BSNL
BSNL,BSNL
BSNL,BSNL
BSNL,BSNL
BSNL,BSNL
RJio,RJio
Idea,Idea
Airtel,Airtel
RJio,RJio
RJio,RJio
RJio,RJio
RJio,Airtel
RJio,RJio
Idea,RJio
RJio,RJio
Vodafone,RJio
RJio,RJio
RJio,RJio
RJio,Airtel
RJio,RJio
RJio,RJio
RJio,RJio
Airtel,Airtel
RJio,RJio
BSNL,BSNL
RJio,RJio
RJio,RJio
RJio,RJio
Vodafone,Vodafone
Airtel,Airtel
RJio,RJio
RJio,Vodafone
Vodafone,Vodafone
Idea,Idea
BSNL,Vodafone
RJio,RJio
RJio,RJio
BSNL,BSNL
Airtel,Airtel
RJio,RJio
RJio,RJio
Airtel,Airtel
Airtel,Airtel
BSNL,BSNL
RJio,RJio
RJio,RJio
RJio,RJio
RJio,RJio
RJio,RJio
RJio,RJio
RJio,RJio
RJio,RJio
RJio,RJio
RJio,RJio
Idea,Idea
RJio,Vodafone
RJio,RJio
RJio,RJio
RJio,RJio
Airtel,Airtel
BSNL,BSNL
RJio,RJio
RJio,RJio
Vodafone,Vodafone
RJio,Idea
Airtel,Airtel
Airtel,Airtel
Airtel,Airtel
Airtel,Airtel
RJio,RJio
BSNL,BSNL
Vodafone,Vodafone
Airtel,Airtel
Airtel,Airtel
RJio,RJio
RJio,RJio
RJio,RJio
RJio,RJio
Airtel,Airtel
Airtel,Airtel
RJio,RJio
BSNL,BSNL
Vodafone,Vodafone
BSNL,BSNL
Vodafone,Vodafone
Vodafone,Vodafone
RJio,Vodafone
Vodafone,Vodafone
Vodafone,Vodafone
Vodafone,Vodafone
RJio,RJio
RJio,RJio
RJio,RJio
RJio,RJio
RJio,RJio
RJio,RJio
RJio,RJio
Vodafone,Vodafone
Airtel,Airtel
RJio,RJio
RJio,RJio
Idea,Idea
RJio,RJio
RJio,RJio
Idea,Idea
Idea,RJio
RJio,RJio
Vodafone,Vodafone
Vodafone,Vodafone
Vodafone,Vodafone
Vodafone,Vodafone
Airtel,Airtel
Idea,Idea
RJio,RJio
BSNL,BSNL
RJio,RJio
RJio,RJio
Airtel,Airtel
